"category","level","outcome","risk.type","sex","all.ages","X0.6.Days","X7.27.Days","X28.364.Days","X1.4.years","X5.9.years","X10.14.years","X15.19.years","X20.24.years","X25.29.years","X30.34.years","X35.39.years","X40.44.years","X45.49.years","X50.54.years","X55.59.years","X60.64.years","X65.69.years","X70.74.years","X75.79.years","X80..years"
"Unsafe water source","Unimproved & untreated","Diarrhoeal diseases","Both","Both",NA,11.238,11.238,11.238,11.238,11.238,11.238,11.238,11.238,11.238,11.238,11.238,11.238,11.238,11.238,11.238,11.238,11.238,11.238,11.238,11.238
"Unsafe water source","Unimproved & chlorinated","Diarrhoeal diseases","Both","Both",NA,9.151,9.151,9.151,9.151,9.151,9.151,9.151,9.151,9.151,9.151,9.151,9.151,9.151,9.151,9.151,9.151,9.151,9.151,9.151,9.151
"Unsafe water source","Unimproved & filtered","Diarrhoeal diseases","Both","Both",NA,5.857,5.857,5.857,5.857,5.857,5.857,5.857,5.857,5.857,5.857,5.857,5.857,5.857,5.857,5.857,5.857,5.857,5.857,5.857,5.857
"Unsafe water source","Improved & untreated","Diarrhoeal diseases","Both","Both",NA,9.705,9.705,9.705,9.705,9.705,9.705,9.705,9.705,9.705,9.705,9.705,9.705,9.705,9.705,9.705,9.705,9.705,9.705,9.705,9.705
"Unsafe water source","Improved & chlorinated","Diarrhoeal diseases","Both","Both",NA,7.904,7.904,7.904,7.904,7.904,7.904,7.904,7.904,7.904,7.904,7.904,7.904,7.904,7.904,7.904,7.904,7.904,7.904,7.904,7.904
"Unsafe water source","Improved & filtered","Diarrhoeal diseases","Both","Both",NA,5.059,5.059,5.059,5.059,5.059,5.059,5.059,5.059,5.059,5.059,5.059,5.059,5.059,5.059,5.059,5.059,5.059,5.059,5.059,5.059
"Unsafe water source","Piped & untreated, all locations except Eastern Europe and Southern Latin America","Diarrhoeal diseases","Both","Both",NA,8.331,8.331,8.331,8.331,8.331,8.331,8.331,8.331,8.331,8.331,8.331,8.331,8.331,8.331,8.331,8.331,8.331,8.331,8.331,8.331
"Unsafe water source","Piped & chlorinated, all locations except Eastern Europe and Southern Latin America","Diarrhoeal diseases","Both","Both",NA,6.785,6.785,6.785,6.785,6.785,6.785,6.785,6.785,6.785,6.785,6.785,6.785,6.785,6.785,6.785,6.785,6.785,6.785,6.785,6.785
"Unsafe water source","Piped & filtered, all locations except Eastern Europe and Southern Latin America","Diarrhoeal diseases","Both","Both",NA,4.343,4.343,4.343,4.343,4.343,4.343,4.343,4.343,4.343,4.343,4.343,4.343,4.343,4.343,4.343,4.343,4.343,4.343,4.343,4.343
"Unsafe water source","High quality piped & untreated, Eastern Europe and Southern Latin America","Diarrhoeal diseases","Both","Both",NA,1.919,1.919,1.919,1.919,1.919,1.919,1.919,1.919,1.919,1.919,1.919,1.919,1.919,1.919,1.919,1.919,1.919,1.919,1.919,1.919
"Unsafe water source","High quality piped & chlorinated, Eastern Europe and Southern Latin America","Diarrhoeal diseases","Both","Both",NA,1.562,1.562,1.562,1.562,1.562,1.562,1.562,1.562,1.562,1.562,1.562,1.562,1.562,1.562,1.562,1.562,1.562,1.562,1.562,1.562
"Unsafe water source","High quality piped & filtered, (TMREL) applied to all high income countries except Southern Latin America","Diarrhoeal diseases","Both","Both",NA,1,1,1,1,1,1,1,1,1,1,1,1,1,1,1,1,1,1,1,1
"Unsafe water source","Unimproved & untreated","Typhoid fever","Both","Both",NA,11.238,11.238,11.238,11.238,11.238,11.238,11.238,11.238,11.238,11.238,11.238,11.238,11.238,11.238,11.238,11.238,11.238,11.238,11.238,11.238
"Unsafe water source","Unimproved & chlorinated","Typhoid fever","Both","Both",NA,9.151,9.151,9.151,9.151,9.151,9.151,9.151,9.151,9.151,9.151,9.151,9.151,9.151,9.151,9.151,9.151,9.151,9.151,9.151,9.151
"Unsafe water source","Unimproved & filtered","Typhoid fever","Both","Both",NA,5.857,5.857,5.857,5.857,5.857,5.857,5.857,5.857,5.857,5.857,5.857,5.857,5.857,5.857,5.857,5.857,5.857,5.857,5.857,5.857
"Unsafe water source","Improved & untreated","Typhoid fever","Both","Both",NA,9.705,9.705,9.705,9.705,9.705,9.705,9.705,9.705,9.705,9.705,9.705,9.705,9.705,9.705,9.705,9.705,9.705,9.705,9.705,9.705
"Unsafe water source","Improved & chlorinated","Typhoid fever","Both","Both",NA,7.904,7.904,7.904,7.904,7.904,7.904,7.904,7.904,7.904,7.904,7.904,7.904,7.904,7.904,7.904,7.904,7.904,7.904,7.904,7.904
"Unsafe water source","Improved & filtered","Typhoid fever","Both","Both",NA,5.059,5.059,5.059,5.059,5.059,5.059,5.059,5.059,5.059,5.059,5.059,5.059,5.059,5.059,5.059,5.059,5.059,5.059,5.059,5.059
"Unsafe water source","Piped & untreated, all locations except Eastern Europe and Southern Latin America","Typhoid fever","Both","Both",NA,8.331,8.331,8.331,8.331,8.331,8.331,8.331,8.331,8.331,8.331,8.331,8.331,8.331,8.331,8.331,8.331,8.331,8.331,8.331,8.331
"Unsafe water source","Piped & chlorinated, all locations except Eastern Europe and Southern Latin America","Typhoid fever","Both","Both",NA,6.785,6.785,6.785,6.785,6.785,6.785,6.785,6.785,6.785,6.785,6.785,6.785,6.785,6.785,6.785,6.785,6.785,6.785,6.785,6.785
"Unsafe water source","Piped & filtered, all locations except Eastern Europe and Southern Latin America","Typhoid fever","Both","Both",NA,4.343,4.343,4.343,4.343,4.343,4.343,4.343,4.343,4.343,4.343,4.343,4.343,4.343,4.343,4.343,4.343,4.343,4.343,4.343,4.343
"Unsafe water source","High quality piped & untreated, Eastern Europe and Southern Latin America","Typhoid fever","Both","Both",NA,1.919,1.919,1.919,1.919,1.919,1.919,1.919,1.919,1.919,1.919,1.919,1.919,1.919,1.919,1.919,1.919,1.919,1.919,1.919,1.919
"Unsafe water source","High quality piped & chlorinated, Eastern Europe and Southern Latin America","Typhoid fever","Both","Both",NA,1.562,1.562,1.562,1.562,1.562,1.562,1.562,1.562,1.562,1.562,1.562,1.562,1.562,1.562,1.562,1.562,1.562,1.562,1.562,1.562
"Unsafe water source","High quality piped & filtered, (TMREL) applied to all high income countries except Southern Latin America","Typhoid fever","Both","Both",NA,1,1,1,1,1,1,1,1,1,1,1,1,1,1,1,1,1,1,1,1
"Unsafe water source","Unimproved & untreated","Paratyphoid fever","Both","Both",NA,11.238,11.238,11.238,11.238,11.238,11.238,11.238,11.238,11.238,11.238,11.238,11.238,11.238,11.238,11.238,11.238,11.238,11.238,11.238,11.238
"Unsafe water source","Unimproved & chlorinated","Paratyphoid fever","Both","Both",NA,9.151,9.151,9.151,9.151,9.151,9.151,9.151,9.151,9.151,9.151,9.151,9.151,9.151,9.151,9.151,9.151,9.151,9.151,9.151,9.151
"Unsafe water source","Unimproved & filtered","Paratyphoid fever","Both","Both",NA,5.857,5.857,5.857,5.857,5.857,5.857,5.857,5.857,5.857,5.857,5.857,5.857,5.857,5.857,5.857,5.857,5.857,5.857,5.857,5.857
"Unsafe water source","Improved & untreated","Paratyphoid fever","Both","Both",NA,9.705,9.705,9.705,9.705,9.705,9.705,9.705,9.705,9.705,9.705,9.705,9.705,9.705,9.705,9.705,9.705,9.705,9.705,9.705,9.705
"Unsafe water source","Improved & chlorinated","Paratyphoid fever","Both","Both",NA,7.904,7.904,7.904,7.904,7.904,7.904,7.904,7.904,7.904,7.904,7.904,7.904,7.904,7.904,7.904,7.904,7.904,7.904,7.904,7.904
"Unsafe water source","Improved & filtered","Paratyphoid fever","Both","Both",NA,5.059,5.059,5.059,5.059,5.059,5.059,5.059,5.059,5.059,5.059,5.059,5.059,5.059,5.059,5.059,5.059,5.059,5.059,5.059,5.059
"Unsafe water source","Piped & untreated, all locations except Eastern Europe and Southern Latin America","Paratyphoid fever","Both","Both",NA,8.331,8.331,8.331,8.331,8.331,8.331,8.331,8.331,8.331,8.331,8.331,8.331,8.331,8.331,8.331,8.331,8.331,8.331,8.331,8.331
"Unsafe water source","Piped & chlorinated, all locations except Eastern Europe and Southern Latin America","Paratyphoid fever","Both","Both",NA,6.785,6.785,6.785,6.785,6.785,6.785,6.785,6.785,6.785,6.785,6.785,6.785,6.785,6.785,6.785,6.785,6.785,6.785,6.785,6.785
"Unsafe water source","Piped & filtered, all locations except Eastern Europe and Southern Latin America","Paratyphoid fever","Both","Both",NA,4.343,4.343,4.343,4.343,4.343,4.343,4.343,4.343,4.343,4.343,4.343,4.343,4.343,4.343,4.343,4.343,4.343,4.343,4.343,4.343
"Unsafe water source","High quality piped & untreated, Eastern Europe and Southern Latin America","Paratyphoid fever","Both","Both",NA,1.919,1.919,1.919,1.919,1.919,1.919,1.919,1.919,1.919,1.919,1.919,1.919,1.919,1.919,1.919,1.919,1.919,1.919,1.919,1.919
"Unsafe water source","High quality piped & chlorinated, Eastern Europe and Southern Latin America","Paratyphoid fever","Both","Both",NA,1.562,1.562,1.562,1.562,1.562,1.562,1.562,1.562,1.562,1.562,1.562,1.562,1.562,1.562,1.562,1.562,1.562,1.562,1.562,1.562
"Unsafe water source","High quality piped & filtered, (TMREL) applied to all high income countries except Southern Latin America","Paratyphoid fever","Both","Both",NA,1,1,1,1,1,1,1,1,1,1,1,1,1,1,1,1,1,1,1,1
"Unsafe sanitation","Unimproved & untreated","Diarrhoeal diseases","Both","Both",NA,3.229,3.229,3.229,3.229,3.229,3.229,3.229,3.229,3.229,3.229,3.229,3.229,3.229,3.229,3.229,3.229,3.229,3.229,3.229,3.229
"Unsafe sanitation","Improved","Diarrhoeal diseases","Both","Both",NA,2.711,2.711,2.711,2.711,2.711,2.711,2.711,2.711,2.711,2.711,2.711,2.711,2.711,2.711,2.711,2.711,2.711,2.711,2.711,2.711
"Unsafe sanitation","Sewer","Diarrhoeal diseases","Both","Both",NA,1,1,1,1,1,1,1,1,1,1,1,1,1,1,1,1,1,1,1,1
"Unsafe sanitation","Unimproved & untreated","Typhoid fever","Both","Both",NA,3.234,3.234,3.234,3.234,3.234,3.234,3.234,3.234,3.234,3.234,3.234,3.234,3.234,3.234,3.234,3.234,3.234,3.234,3.234,3.234
"Unsafe sanitation","Improved","Typhoid fever","Both","Both",NA,2.705,2.705,2.705,2.705,2.705,2.705,2.705,2.705,2.705,2.705,2.705,2.705,2.705,2.705,2.705,2.705,2.705,2.705,2.705,2.705
"Unsafe sanitation","Sewer","Typhoid fever","Both","Both",NA,1,1,1,1,1,1,1,1,1,1,1,1,1,1,1,1,1,1,1,1
"Unsafe sanitation","Unimproved & untreated","Paratyphoid fever","Both","Both",NA,3.236,3.236,3.236,3.236,3.236,3.236,3.236,3.236,3.236,3.236,3.236,3.236,3.236,3.236,3.236,3.236,3.236,3.236,3.236,3.236
"Unsafe sanitation","Improved","Paratyphoid fever","Both","Both",NA,2.715,2.715,2.715,2.715,2.715,2.715,2.715,2.715,2.715,2.715,2.715,2.715,2.715,2.715,2.715,2.715,2.715,2.715,2.715,2.715
"Unsafe sanitation","Sewer","Paratyphoid fever","Both","Both",NA,1,1,1,1,1,1,1,1,1,1,1,1,1,1,1,1,1,1,1,1
"No handwashing with soap","No handwashing w/soap & water","Diarrhoeal diseases","Both","Both",1.673,1.673,1.673,1.673,1.673,1.673,1.673,1.673,1.673,1.673,1.673,1.673,1.673,1.673,1.673,1.673,1.673,1.673,1.673,1.673,1.673
"No handwashing with soap","Handwashing w/soap & water","Diarrhoeal diseases","Both","Both",1,1,1,1,1,1,1,1,1,1,1,1,1,1,1,1,1,1,1,1,1
"No handwashing with soap","No handwashing w/soap & water","Typhoid fever","Both","Both",1.667,1.667,1.667,1.667,1.667,1.667,1.667,1.667,1.667,1.667,1.667,1.667,1.667,1.667,1.667,1.667,1.667,1.667,1.667,1.667,1.667
"No handwashing with soap","Handwashing w/soap & water","Typhoid fever","Both","Both",1,1,1,1,1,1,1,1,1,1,1,1,1,1,1,1,1,1,1,1,1
"No handwashing with soap","No handwashing w/soap & water","Paratyphoid fever","Both","Both",1.665,1.665,1.665,1.665,1.665,1.665,1.665,1.665,1.665,1.665,1.665,1.665,1.665,1.665,1.665,1.665,1.665,1.665,1.665,1.665,1.665
"No handwashing with soap","Handwashing w/soap & water","Paratyphoid fever","Both","Both",1,1,1,1,1,1,1,1,1,1,1,1,1,1,1,1,1,1,1,1,1
"No handwashing with soap","No handwashing w/soap & water","Lower respiratory infections","Both","Both",1.192,1.192,1.192,1.192,1.192,1.192,1.192,1.192,1.192,1.192,1.192,1.192,1.192,1.192,1.192,1.192,1.192,1.192,1.192,1.192,1.192
"No handwashing with soap","Handwashing w/soap & water","Lower respiratory infections","Both","Both",1,1,1,1,1,1,1,1,1,1,1,1,1,1,1,1,1,1,1,1,1
"Household air pollution from solid fuels","Exposed","Cataract","Morbidity","Both",NA,NA,NA,NA,NA,NA,NA,2.522,2.496,2.513,2.512,2.513,2.511,2.518,2.545,2.532,2.522,2.539,2.518,2.509,2.497
"Household air pollution from solid fuels","Not exposed","Cataract","Morbidity","Both",NA,NA,NA,NA,NA,NA,NA,1,1,1,1,1,1,1,1,1,1,1,1,1,1
"Ambient ozone pollution","10 ppb","Chronic obstructive pulmonary disease","Mortality","Both",NA,NA,NA,NA,NA,NA,NA,NA,NA,1.029,1.029,1.029,1.029,1.028,1.03,1.029,1.029,1.029,1.029,1.029,1.029
"Residential radon","Bq/m3","Tracheal, bronchus, and lung cancer","Both","Both",NA,1.002,1.002,1.002,1.002,1.002,1.002,1.002,1.002,1.002,1.002,1.002,1.002,1.002,1.002,1.002,1.002,1.002,1.002,1.002,1.002
"Lead exposure","10 µg/g","Rheumatic heart disease","Morbidity","Both",NA,NA,NA,NA,NA,NA,NA,NA,NA,1,1,1,1,1,1,1,1,1,1,1,1
"Lead exposure","10 µg/g","Rheumatic heart disease","Mortality","Both",NA,NA,NA,NA,NA,NA,NA,NA,NA,1.04,1.035,1.028,1.023,1.022,1.021,1.02,1.018,1.017,1.016,1.017,1.016
"Lead exposure","10 µg/g","Ischaemic heart disease","Both","Both",NA,NA,NA,NA,NA,NA,NA,NA,NA,1.049,1.042,1.033,1.028,1.027,1.026,1.024,1.022,1.019,1.017,1.015,1.012
"Lead exposure","10 µg/g","Ischaemic stroke","Both","Both",NA,NA,NA,NA,NA,NA,NA,NA,NA,1.056,1.052,1.047,1.042,1.039,1.035,1.031,1.028,1.024,1.021,1.017,1.008
"Lead exposure","10 µg/g","Hemorrhagic stroke","Both","Both",NA,NA,NA,NA,NA,NA,NA,NA,NA,1.062,1.058,1.052,1.046,1.042,1.038,1.034,1.03,1.026,1.022,1.018,1.01
"Lead exposure","10 µg/g","Hypertensive heart disease","Both","Both",NA,NA,NA,NA,NA,NA,NA,NA,NA,1.049,1.042,1.033,1.028,1.027,1.026,1.024,1.022,1.019,1.017,1.015,1.012
"Lead exposure","10 µg/g","Cardiomyopathy and myocarditis","Morbidity","Both",NA,NA,NA,NA,NA,NA,NA,NA,NA,1,1,1,1,1,1,1,1,1,1,1,1
"Lead exposure","10 µg/g","Cardiomyopathy and myocarditis","Mortality","Both",NA,NA,NA,NA,NA,NA,NA,NA,NA,1.045,1.041,1.034,1.029,1.027,1.026,1.025,1.023,1.022,1.02,1.018,1.018
"Lead exposure","10 µg/g","Atrial fibrillation and flutter","Both","Both",NA,NA,NA,NA,NA,NA,NA,NA,NA,1.04,1.033,1.026,1.021,1.021,1.02,1.018,1.016,1.015,1.013,1.011,1.008
"Lead exposure","10 µg/g","Aortic aneurysm","Both","Both",NA,NA,NA,NA,NA,NA,NA,NA,NA,1.053,1.048,1.041,1.036,1.034,1.032,1.03,1.028,1.026,1.025,1.024,1.022
"Lead exposure","10 µg/g","Peripheral vascular disease","Both","Both",NA,NA,NA,NA,NA,NA,NA,NA,NA,1.04,1.033,1.026,1.021,1.021,1.02,1.018,1.016,1.015,1.013,1.011,1.008
"Lead exposure","10 µg/g","Endocarditis","Morbidity","Both",NA,NA,NA,NA,NA,NA,NA,NA,NA,1,1,1,1,1,1,1,1,1,1,1,1
"Lead exposure","10 µg/g","Endocarditis","Mortality","Both",NA,NA,NA,NA,NA,NA,NA,NA,NA,1.045,1.041,1.034,1.029,1.027,1.026,1.025,1.023,1.022,1.02,1.018,1.018
"Lead exposure","10 µg/g","Other cardiovascular and circulatory diseases","Both","Both",NA,NA,NA,NA,NA,NA,NA,NA,NA,1.04,1.033,1.026,1.021,1.021,1.02,1.018,1.016,1.015,1.013,1.011,1.008
"Lead exposure","10 µg/g","Chronic kidney disease due to diabetes mellitus","Both","Both",NA,NA,NA,NA,NA,NA,NA,NA,NA,1.013,1.013,1.013,1.013,1.013,1.013,1.013,1.013,1.013,1.013,1.013,1.013
"Lead exposure","10 µg/g","Chronic kidney disease due to hypertension","Both","Both",NA,NA,NA,NA,NA,NA,NA,NA,NA,1.013,1.013,1.013,1.013,1.013,1.013,1.013,1.013,1.013,1.013,1.013,1.013
"Lead exposure","10 µg/g","Chronic kidney disease due to glomerulonephritis","Both","Both",NA,NA,NA,NA,NA,NA,NA,NA,NA,1.013,1.013,1.013,1.013,1.013,1.013,1.013,1.013,1.013,1.013,1.013,1.013
"Lead exposure","10 µg/g","Chronic kidney disease due to other causes","Both","Both",NA,NA,NA,NA,NA,NA,NA,NA,NA,1.013,1.013,1.013,1.013,1.013,1.013,1.013,1.013,1.013,1.013,1.013,1.013
"Occupational exposure to asbestos","High exposure","Larynx cancer","Both","Male",NA,NA,NA,NA,NA,NA,NA,1.38,1.38,1.38,1.38,1.38,1.38,1.38,1.38,1.38,1.38,1.38,1.38,1.38,1.38
"Occupational exposure to asbestos","Low exposure","Larynx cancer","Both","Male",NA,NA,NA,NA,NA,NA,NA,1,1,1,1,1,1,1,1,1,1,1,1,1,1
"Occupational exposure to asbestos","No exposure","Larynx cancer","Both","Male",NA,NA,NA,NA,NA,NA,NA,1,1,1,1,1,1,1,1,1,1,1,1,1,1
"Occupational exposure to asbestos","High exposure","Larynx cancer","Both","Female",NA,NA,NA,NA,NA,NA,NA,1.385,1.385,1.385,1.385,1.385,1.385,1.385,1.385,1.385,1.385,1.385,1.385,1.385,1.385
"Occupational exposure to asbestos","Low exposure","Larynx cancer","Both","Female",NA,NA,NA,NA,NA,NA,NA,1,1,1,1,1,1,1,1,1,1,1,1,1,1
"Occupational exposure to asbestos","No exposure","Larynx cancer","Both","Female",NA,NA,NA,NA,NA,NA,NA,1,1,1,1,1,1,1,1,1,1,1,1,1,1
"Occupational exposure to asbestos","High exposure","Tracheal, bronchus, and lung cancer","Both","Male",NA,NA,NA,NA,NA,NA,NA,2.279,2.279,2.279,2.279,2.279,2.279,2.279,2.279,2.279,2.279,2.279,2.279,2.279,2.279
"Occupational exposure to asbestos","Low exposure","Tracheal, bronchus, and lung cancer","Both","Male",NA,NA,NA,NA,NA,NA,NA,1.655,1.655,1.655,1.655,1.655,1.655,1.655,1.655,1.655,1.655,1.655,1.655,1.655,1.655
"Occupational exposure to asbestos","No exposure","Tracheal, bronchus, and lung cancer","Both","Male",NA,NA,NA,NA,NA,NA,NA,1,1,1,1,1,1,1,1,1,1,1,1,1,1
"Occupational exposure to asbestos","High exposure","Tracheal, bronchus, and lung cancer","Both","Female",NA,NA,NA,NA,NA,NA,NA,1.875,1.875,1.875,1.875,1.875,1.875,1.875,1.875,1.875,1.875,1.875,1.875,1.875,1.875
"Occupational exposure to asbestos","Low exposure","Tracheal, bronchus, and lung cancer","Both","Female",NA,NA,NA,NA,NA,NA,NA,1.52,1.52,1.52,1.52,1.52,1.52,1.52,1.52,1.52,1.52,1.52,1.52,1.52,1.52
"Occupational exposure to asbestos","No exposure","Tracheal, bronchus, and lung cancer","Both","Female",NA,NA,NA,NA,NA,NA,NA,1,1,1,1,1,1,1,1,1,1,1,1,1,1
"Occupational exposure to asbestos","High exposure","Ovarian cancer","Both","Both",NA,NA,NA,NA,NA,NA,NA,1.811,1.811,1.811,1.811,1.811,1.811,1.811,1.811,1.811,1.811,1.811,1.811,1.811,1.811
"Occupational exposure to asbestos","Low exposure","Ovarian cancer","Both","Both",NA,NA,NA,NA,NA,NA,NA,1,1,1,1,1,1,1,1,1,1,1,1,1,1
"Occupational exposure to asbestos","No exposure","Ovarian cancer","Both","Both",NA,NA,NA,NA,NA,NA,NA,1,1,1,1,1,1,1,1,1,1,1,1,1,1
"Occupational exposure to asbestos","High exposure","Mesothelioma","Both","Both",NA,NA,NA,NA,NA,NA,NA,44.272,44.272,44.272,44.272,44.272,44.272,44.272,44.272,44.272,44.272,44.272,44.272,44.272,44.272
"Occupational exposure to asbestos","Low exposure","Mesothelioma","Both","Both",NA,NA,NA,NA,NA,NA,NA,24.712,24.712,24.712,24.712,24.712,24.712,24.712,24.712,24.712,24.712,24.712,24.712,24.712,24.712
"Occupational exposure to asbestos","No exposure","Mesothelioma","Both","Both",NA,NA,NA,NA,NA,NA,NA,1,1,1,1,1,1,1,1,1,1,1,1,1,1
"Occupational exposure to arsenic","High exposure","Tracheal, bronchus, and lung cancer","Both","Male",NA,NA,NA,NA,NA,NA,NA,2.085,2.09,2.093,2.079,2.067,2.053,2.074,2.078,2.074,2.064,2.092,2.096,2.097,2.09
"Occupational exposure to arsenic","Low exposure","Tracheal, bronchus, and lung cancer","Both","Male",NA,NA,NA,NA,NA,NA,NA,1,1,1,1,1,1,1,1,1,1,1,1,1,1
"Occupational exposure to arsenic","No exposure","Tracheal, bronchus, and lung cancer","Both","Male",NA,NA,NA,NA,NA,NA,NA,1,1,1,1,1,1,1,1,1,1,1,1,1,1
"Occupational exposure to arsenic","High exposure","Tracheal, bronchus, and lung cancer","Both","Female",NA,NA,NA,NA,NA,NA,NA,2.085,2.089,2.084,2.086,2.09,2.081,2.069,2.109,2.079,2.076,2.07,2.098,2.089,2.096
"Occupational exposure to arsenic","Low exposure","Tracheal, bronchus, and lung cancer","Both","Female",NA,NA,NA,NA,NA,NA,NA,1,1,1,1,1,1,1,1,1,1,1,1,1,1
"Occupational exposure to arsenic","No exposure","Tracheal, bronchus, and lung cancer","Both","Female",NA,NA,NA,NA,NA,NA,NA,1,1,1,1,1,1,1,1,1,1,1,1,1,1
"Occupational exposure to benzene","High exposure","Leukaemia","Both","Male",NA,NA,NA,NA,NA,NA,NA,2.686,2.701,2.73,2.711,2.741,2.69,2.713,2.713,2.71,2.672,2.699,2.7,2.719,2.712
"Occupational exposure to benzene","Low exposure","Leukaemia","Both","Male",NA,NA,NA,NA,NA,NA,NA,1.676,1.682,1.666,1.657,1.667,1.676,1.678,1.664,1.689,1.658,1.684,1.656,1.684,1.689
"Occupational exposure to benzene","No exposure","Leukaemia","Both","Male",NA,NA,NA,NA,NA,NA,NA,1,1,1,1,1,1,1,1,1,1,1,1,1,1
"Occupational exposure to benzene","High exposure","Leukaemia","Both","Female",NA,NA,NA,NA,NA,NA,NA,2.722,2.701,2.687,2.738,2.719,2.749,2.699,2.682,2.737,2.716,2.723,2.736,2.74,2.732
"Occupational exposure to benzene","Low exposure","Leukaemia","Both","Female",NA,NA,NA,NA,NA,NA,NA,1.677,1.694,1.655,1.691,1.66,1.667,1.661,1.684,1.668,1.686,1.675,1.697,1.662,1.68
"Occupational exposure to benzene","No exposure","Leukaemia","Both","Female",NA,NA,NA,NA,NA,NA,NA,1,1,1,1,1,1,1,1,1,1,1,1,1,1
"Occupational exposure to beryllium","High exposure","Tracheal, bronchus, and lung cancer","Both","Male",NA,NA,NA,NA,NA,NA,NA,1.174,1.169,1.17,1.169,1.172,1.168,1.171,1.171,1.17,1.171,1.172,1.171,1.174,1.171
"Occupational exposure to beryllium","Low exposure","Tracheal, bronchus, and lung cancer","Both","Male",NA,NA,NA,NA,NA,NA,NA,1,1,1,1,1,1,1,1,1,1,1,1,1,1
"Occupational exposure to beryllium","No exposure","Tracheal, bronchus, and lung cancer","Both","Male",NA,NA,NA,NA,NA,NA,NA,1,1,1,1,1,1,1,1,1,1,1,1,1,1
"Occupational exposure to beryllium","High exposure","Tracheal, bronchus, and lung cancer","Both","Female",NA,NA,NA,NA,NA,NA,NA,1.17,1.17,1.169,1.17,1.172,1.171,1.173,1.172,1.173,1.169,1.173,1.167,1.169,1.171
"Occupational exposure to beryllium","Low exposure","Tracheal, bronchus, and lung cancer","Both","Female",NA,NA,NA,NA,NA,NA,NA,1,1,1,1,1,1,1,1,1,1,1,1,1,1
"Occupational exposure to beryllium","No exposure","Tracheal, bronchus, and lung cancer","Both","Female",NA,NA,NA,NA,NA,NA,NA,1,1,1,1,1,1,1,1,1,1,1,1,1,1
"Occupational exposure to cadmium","High exposure","Tracheal, bronchus, and lung cancer","Both","Male",NA,NA,NA,NA,NA,NA,NA,1.192,1.188,1.19,1.191,1.19,1.19,1.192,1.193,1.19,1.192,1.193,1.187,1.191,1.19
"Occupational exposure to cadmium","Low exposure","Tracheal, bronchus, and lung cancer","Both","Male",NA,NA,NA,NA,NA,NA,NA,1,1,1,1,1,1,1,1,1,1,1,1,1,1
"Occupational exposure to cadmium","No exposure","Tracheal, bronchus, and lung cancer","Both","Male",NA,NA,NA,NA,NA,NA,NA,1,1,1,1,1,1,1,1,1,1,1,1,1,1
"Occupational exposure to cadmium","High exposure","Tracheal, bronchus, and lung cancer","Both","Female",NA,NA,NA,NA,NA,NA,NA,1.191,1.191,1.188,1.19,1.191,1.194,1.188,1.19,1.19,1.189,1.192,1.192,1.193,1.193
"Occupational exposure to cadmium","Low exposure","Tracheal, bronchus, and lung cancer","Both","Female",NA,NA,NA,NA,NA,NA,NA,1,1,1,1,1,1,1,1,1,1,1,1,1,1
"Occupational exposure to cadmium","No exposure","Tracheal, bronchus, and lung cancer","Both","Female",NA,NA,NA,NA,NA,NA,NA,1,1,1,1,1,1,1,1,1,1,1,1,1,1
"Occupational exposure to chromium","High exposure","Tracheal, bronchus, and lung cancer","Both","Male",NA,NA,NA,NA,NA,NA,NA,1.179,1.181,1.181,1.18,1.183,1.18,1.18,1.182,1.181,1.179,1.182,1.18,1.18,1.181
"Occupational exposure to chromium","Low exposure","Tracheal, bronchus, and lung cancer","Both","Male",NA,NA,NA,NA,NA,NA,NA,1,1,1,1,1,1,1,1,1,1,1,1,1,1
"Occupational exposure to chromium","No exposure","Tracheal, bronchus, and lung cancer","Both","Male",NA,NA,NA,NA,NA,NA,NA,1,1,1,1,1,1,1,1,1,1,1,1,1,1
"Occupational exposure to chromium","High exposure","Tracheal, bronchus, and lung cancer","Both","Female",NA,NA,NA,NA,NA,NA,NA,1.179,1.18,1.18,1.179,1.18,1.181,1.181,1.181,1.181,1.181,1.179,1.181,1.181,1.179
"Occupational exposure to chromium","Low exposure","Tracheal, bronchus, and lung cancer","Both","Female",NA,NA,NA,NA,NA,NA,NA,1,1,1,1,1,1,1,1,1,1,1,1,1,1
"Occupational exposure to chromium","No exposure","Tracheal, bronchus, and lung cancer","Both","Female",NA,NA,NA,NA,NA,NA,NA,1,1,1,1,1,1,1,1,1,1,1,1,1,1
"Occupational exposure to diesel engine exhaust","High exposure","Tracheal, bronchus, and lung cancer","Both","Male",NA,NA,NA,NA,NA,NA,NA,1.469,1.477,1.473,1.474,1.472,1.47,1.475,1.469,1.474,1.477,1.477,1.476,1.473,1.477
"Occupational exposure to diesel engine exhaust","Low exposure","Tracheal, bronchus, and lung cancer","Both","Male",NA,NA,NA,NA,NA,NA,NA,1,1,1,1,1,1,1,1,1,1,1,1,1,1
"Occupational exposure to diesel engine exhaust","No exposure","Tracheal, bronchus, and lung cancer","Both","Male",NA,NA,NA,NA,NA,NA,NA,1,1,1,1,1,1,1,1,1,1,1,1,1,1
"Occupational exposure to diesel engine exhaust","High exposure","Tracheal, bronchus, and lung cancer","Both","Female",NA,NA,NA,NA,NA,NA,NA,1.473,1.476,1.469,1.467,1.473,1.475,1.477,1.475,1.476,1.481,1.478,1.473,1.473,1.476
"Occupational exposure to diesel engine exhaust","Low exposure","Tracheal, bronchus, and lung cancer","Both","Female",NA,NA,NA,NA,NA,NA,NA,1,1,1,1,1,1,1,1,1,1,1,1,1,1
"Occupational exposure to diesel engine exhaust","No exposure","Tracheal, bronchus, and lung cancer","Both","Female",NA,NA,NA,NA,NA,NA,NA,1,1,1,1,1,1,1,1,1,1,1,1,1,1
"Occupational exposure to second-hand smoke","High exposure","Tracheal, bronchus, and lung cancer","Both","Male",NA,NA,NA,NA,NA,NA,NA,1.241,1.24,1.242,1.24,1.243,1.242,1.241,1.239,1.24,1.241,1.241,1.239,1.241,1.24
"Occupational exposure to second-hand smoke","Low exposure","Tracheal, bronchus, and lung cancer","Both","Male",NA,NA,NA,NA,NA,NA,NA,1,1,1,1,1,1,1,1,1,1,1,1,1,1
"Occupational exposure to second-hand smoke","No exposure","Tracheal, bronchus, and lung cancer","Both","Male",NA,NA,NA,NA,NA,NA,NA,1,1,1,1,1,1,1,1,1,1,1,1,1,1
"Occupational exposure to second-hand smoke","High exposure","Tracheal, bronchus, and lung cancer","Both","Female",NA,NA,NA,NA,NA,NA,NA,1.24,1.24,1.241,1.24,1.24,1.24,1.24,1.239,1.239,1.241,1.239,1.24,1.241,1.24
"Occupational exposure to second-hand smoke","Low exposure","Tracheal, bronchus, and lung cancer","Both","Female",NA,NA,NA,NA,NA,NA,NA,1,1,1,1,1,1,1,1,1,1,1,1,1,1
"Occupational exposure to second-hand smoke","No exposure","Tracheal, bronchus, and lung cancer","Both","Female",NA,NA,NA,NA,NA,NA,NA,1,1,1,1,1,1,1,1,1,1,1,1,1,1
"Occupational exposure to formaldehyde","High exposure","Nasopharynx cancer","Both","Male",NA,NA,NA,NA,NA,NA,NA,2.222,2.294,2.204,2.211,2.23,2.241,2.265,2.198,2.232,2.215,2.251,2.233,2.234,2.204
"Occupational exposure to formaldehyde","Low exposure","Nasopharynx cancer","Both","Male",NA,NA,NA,NA,NA,NA,NA,1,1,1,1,1,1,1,1,1,1,1,1,1,1
"Occupational exposure to formaldehyde","No exposure","Nasopharynx cancer","Both","Male",NA,NA,NA,NA,NA,NA,NA,1,1,1,1,1,1,1,1,1,1,1,1,1,1
"Occupational exposure to formaldehyde","High exposure","Nasopharynx cancer","Both","Female",NA,NA,NA,NA,NA,NA,NA,2.202,2.246,2.227,2.269,2.264,2.217,2.201,2.221,2.225,2.276,2.261,2.258,2.241,2.229
"Occupational exposure to formaldehyde","Low exposure","Nasopharynx cancer","Both","Female",NA,NA,NA,NA,NA,NA,NA,1,1,1,1,1,1,1,1,1,1,1,1,1,1
"Occupational exposure to formaldehyde","No exposure","Nasopharynx cancer","Both","Female",NA,NA,NA,NA,NA,NA,NA,1,1,1,1,1,1,1,1,1,1,1,1,1,1
"Occupational exposure to formaldehyde","High exposure","Leukaemia","Both","Male",NA,NA,NA,NA,NA,NA,NA,1.483,1.479,1.474,1.48,1.479,1.467,1.481,1.49,1.47,1.487,1.485,1.48,1.482,1.488
"Occupational exposure to formaldehyde","Low exposure","Leukaemia","Both","Male",NA,NA,NA,NA,NA,NA,NA,1,1,1,1,1,1,1,1,1,1,1,1,1,1
"Occupational exposure to formaldehyde","No exposure","Leukaemia","Both","Male",NA,NA,NA,NA,NA,NA,NA,1,1,1,1,1,1,1,1,1,1,1,1,1,1
"Occupational exposure to formaldehyde","High exposure","Leukaemia","Both","Female",NA,NA,NA,NA,NA,NA,NA,1.485,1.485,1.479,1.471,1.469,1.486,1.485,1.481,1.48,1.47,1.473,1.471,1.49,1.464
"Occupational exposure to formaldehyde","Low exposure","Leukaemia","Both","Female",NA,NA,NA,NA,NA,NA,NA,1,1,1,1,1,1,1,1,1,1,1,1,1,1
"Occupational exposure to formaldehyde","No exposure","Leukaemia","Both","Female",NA,NA,NA,NA,NA,NA,NA,1,1,1,1,1,1,1,1,1,1,1,1,1,1
"Occupational exposure to nickel","High exposure","Tracheal, bronchus, and lung cancer","Both","Male",NA,NA,NA,NA,NA,NA,NA,2.148,2.19,2.169,2.151,2.137,2.152,2.175,2.168,2.162,2.142,2.159,2.165,2.153,2.134
"Occupational exposure to nickel","Low exposure","Tracheal, bronchus, and lung cancer","Both","Male",NA,NA,NA,NA,NA,NA,NA,1,1,1,1,1,1,1,1,1,1,1,1,1,1
"Occupational exposure to nickel","No exposure","Tracheal, bronchus, and lung cancer","Both","Male",NA,NA,NA,NA,NA,NA,NA,1,1,1,1,1,1,1,1,1,1,1,1,1,1
"Occupational exposure to nickel","High exposure","Tracheal, bronchus, and lung cancer","Both","Female",NA,NA,NA,NA,NA,NA,NA,2.147,2.161,2.158,2.154,2.16,2.16,2.127,2.173,2.175,2.153,2.188,2.166,2.142,2.153
"Occupational exposure to nickel","Low exposure","Tracheal, bronchus, and lung cancer","Both","Female",NA,NA,NA,NA,NA,NA,NA,1,1,1,1,1,1,1,1,1,1,1,1,1,1
"Occupational exposure to nickel","No exposure","Tracheal, bronchus, and lung cancer","Both","Female",NA,NA,NA,NA,NA,NA,NA,1,1,1,1,1,1,1,1,1,1,1,1,1,1
"Occupational exposure to polycyclic aromatic hydrocarbons","High exposure","Tracheal, bronchus, and lung cancer","Both","Male",NA,NA,NA,NA,NA,NA,NA,1.31,1.304,1.313,1.314,1.315,1.314,1.315,1.312,1.318,1.311,1.313,1.314,1.313,1.309
"Occupational exposure to polycyclic aromatic hydrocarbons","Low exposure","Tracheal, bronchus, and lung cancer","Both","Male",NA,NA,NA,NA,NA,NA,NA,1,1,1,1,1,1,1,1,1,1,1,1,1,1
"Occupational exposure to polycyclic aromatic hydrocarbons","No exposure","Tracheal, bronchus, and lung cancer","Both","Male",NA,NA,NA,NA,NA,NA,NA,1,1,1,1,1,1,1,1,1,1,1,1,1,1
"Occupational exposure to polycyclic aromatic hydrocarbons","High exposure","Tracheal, bronchus, and lung cancer","Both","Female",NA,NA,NA,NA,NA,NA,NA,1.31,1.311,1.313,1.313,1.316,1.313,1.314,1.314,1.311,1.312,1.309,1.316,1.315,1.315
"Occupational exposure to polycyclic aromatic hydrocarbons","Low exposure","Tracheal, bronchus, and lung cancer","Both","Female",NA,NA,NA,NA,NA,NA,NA,1,1,1,1,1,1,1,1,1,1,1,1,1,1
"Occupational exposure to polycyclic aromatic hydrocarbons","No exposure","Tracheal, bronchus, and lung cancer","Both","Female",NA,NA,NA,NA,NA,NA,NA,1,1,1,1,1,1,1,1,1,1,1,1,1,1
"Occupational exposure to silica","High exposure","Tracheal, bronchus, and lung cancer","Both","Male",NA,NA,NA,NA,NA,NA,NA,1.323,1.319,1.321,1.322,1.319,1.319,1.321,1.318,1.321,1.32,1.323,1.323,1.322,1.32
"Occupational exposure to silica","Low exposure","Tracheal, bronchus, and lung cancer","Both","Male",NA,NA,NA,NA,NA,NA,NA,1,1,1,1,1,1,1,1,1,1,1,1,1,1
"Occupational exposure to silica","No exposure","Tracheal, bronchus, and lung cancer","Both","Male",NA,NA,NA,NA,NA,NA,NA,1,1,1,1,1,1,1,1,1,1,1,1,1,1
"Occupational exposure to silica","High exposure","Tracheal, bronchus, and lung cancer","Both","Female",NA,NA,NA,NA,NA,NA,NA,1.321,1.316,1.321,1.32,1.32,1.321,1.321,1.32,1.321,1.318,1.317,1.319,1.321,1.32
"Occupational exposure to silica","Low exposure","Tracheal, bronchus, and lung cancer","Both","Female",NA,NA,NA,NA,NA,NA,NA,1,1,1,1,1,1,1,1,1,1,1,1,1,1
"Occupational exposure to silica","No exposure","Tracheal, bronchus, and lung cancer","Both","Female",NA,NA,NA,NA,NA,NA,NA,1,1,1,1,1,1,1,1,1,1,1,1,1,1
"Occupational exposure to sulfphuric acid","High exposure","Larynx cancer","Both","Male",NA,NA,NA,NA,NA,NA,NA,4.566,4.54,4.531,4.582,4.562,4.567,4.496,4.512,4.572,4.589,4.584,4.586,4.596,4.582
"Occupational exposure to sulfphuric acid","Low exposure","Larynx cancer","Both","Male",NA,NA,NA,NA,NA,NA,NA,2.044,2.047,2.033,2.045,2.053,2.007,2.003,2,2.037,2.03,2.009,2.028,2.011,2.062
"Occupational exposure to sulfphuric acid","No exposure","Larynx cancer","Both","Male",NA,NA,NA,NA,NA,NA,NA,1,1,1,1,1,1,1,1,1,1,1,1,1,1
"Occupational exposure to sulfphuric acid","High exposure","Larynx cancer","Both","Female",NA,NA,NA,NA,NA,NA,NA,4.619,4.539,4.623,4.51,4.608,4.63,4.567,4.53,4.573,4.441,4.558,4.518,4.552,4.582
"Occupational exposure to sulfphuric acid","Low exposure","Larynx cancer","Both","Female",NA,NA,NA,NA,NA,NA,NA,2.03,2.052,1.99,2.023,2.061,2.007,2.03,2.028,2.035,2.017,2.015,2.043,2.016,2.016
"Occupational exposure to sulfphuric acid","No exposure","Larynx cancer","Both","Female",NA,NA,NA,NA,NA,NA,NA,1,1,1,1,1,1,1,1,1,1,1,1,1,1
"Occupational exposure to trichloroethylene","High exposure","Kidney cancer","Both","Both",NA,NA,NA,NA,NA,NA,NA,1.245,1.245,1.245,1.245,1.245,1.245,1.245,1.245,1.245,1.245,1.245,1.245,1.245,1.245
"Occupational exposure to trichloroethylene","Low esposure","Kidney cancer","Both","Both",NA,NA,NA,NA,NA,NA,NA,1,1,1,1,1,1,1,1,1,1,1,1,1,1
"Occupational exposure to trichloroethylene","No exposure","Kidney cancer","Both","Both",NA,NA,NA,NA,NA,NA,NA,1,1,1,1,1,1,1,1,1,1,1,1,1,1
"Occupational asthmagens","Admin","Asthma","Both","Male",NA,NA,NA,NA,NA,NA,NA,1,1,1,1,1,1,1,1,1,1,1,1,1,NA
"Occupational asthmagens","Technical","Asthma","Both","Male",NA,NA,NA,NA,NA,NA,NA,1.05,1.051,1.051,1.051,1.05,1.05,1.051,1.051,1.05,1.05,1.051,1.051,1.051,NA
"Occupational asthmagens","Sales","Asthma","Both","Male",NA,NA,NA,NA,NA,NA,NA,1.14,1.14,1.144,1.142,1.14,1.141,1.143,1.14,1.141,1.138,1.139,1.141,1.14,NA
"Occupational asthmagens","Agriculture","Asthma","Both","Male",NA,NA,NA,NA,NA,NA,NA,1.519,1.527,1.524,1.513,1.523,1.516,1.522,1.52,1.519,1.531,1.52,1.508,1.498,NA
"Occupational asthmagens","Mining","Asthma","Both","Male",NA,NA,NA,NA,NA,NA,NA,1.959,1.959,1.971,1.966,1.963,1.959,1.956,1.964,1.969,1.954,1.965,1.955,1.953,NA
"Occupational asthmagens","Transport","Asthma","Both","Male",NA,NA,NA,NA,NA,NA,NA,1.313,1.311,1.312,1.31,1.312,1.311,1.313,1.31,1.314,1.313,1.311,1.312,1.311,NA
"Occupational asthmagens","Manufact","Asthma","Both","Male",NA,NA,NA,NA,NA,NA,NA,1.559,1.561,1.56,1.562,1.561,1.561,1.56,1.562,1.558,1.562,1.559,1.562,1.561,NA
"Occupational asthmagens","Services","Asthma","Both","Male",NA,NA,NA,NA,NA,NA,NA,1.531,1.531,1.529,1.532,1.529,1.529,1.533,1.535,1.531,1.528,1.53,1.53,1.531,NA
"Occupational asthmagens","Other","Asthma","Both","Male",NA,NA,NA,NA,NA,NA,NA,1,1,1,1,1,1,1,1,1,1,1,1,1,NA
"Occupational asthmagens","Admin","Asthma","Both","Female",NA,NA,NA,NA,NA,NA,NA,1,1,1,1,1,1,1,1,1,1,1,1,1,NA
"Occupational asthmagens","Technical","Asthma","Both","Female",NA,NA,NA,NA,NA,NA,NA,1.06,1.06,1.059,1.061,1.06,1.06,1.059,1.06,1.06,1.061,1.06,1.061,1.06,NA
"Occupational asthmagens","Sales","Asthma","Both","Female",NA,NA,NA,NA,NA,NA,NA,1.131,1.13,1.129,1.13,1.131,1.13,1.13,1.13,1.131,1.13,1.129,1.131,1.131,NA
"Occupational asthmagens","Agriculture","Asthma","Both","Female",NA,NA,NA,NA,NA,NA,NA,1.52,1.506,1.52,1.514,1.509,1.513,1.508,1.526,1.519,1.53,1.519,1.518,1.502,NA
"Occupational asthmagens","Mining","Asthma","Both","Female",NA,NA,NA,NA,NA,NA,NA,1.956,1.961,1.967,1.952,1.959,1.959,1.962,1.955,1.948,1.964,1.965,1.959,1.973,NA
"Occupational asthmagens","Transport","Asthma","Both","Female",NA,NA,NA,NA,NA,NA,NA,1.221,1.22,1.217,1.221,1.221,1.221,1.22,1.22,1.221,1.223,1.221,1.224,1.22,NA
"Occupational asthmagens","Manufact","Asthma","Both","Female",NA,NA,NA,NA,NA,NA,NA,1.33,1.331,1.33,1.329,1.331,1.329,1.33,1.332,1.331,1.331,1.33,1.33,1.331,NA
"Occupational asthmagens","Services","Asthma","Both","Female",NA,NA,NA,NA,NA,NA,NA,1.41,1.41,1.412,1.41,1.409,1.409,1.41,1.411,1.409,1.411,1.41,1.41,1.411,NA
"Occupational asthmagens","Other","Asthma","Both","Female",NA,NA,NA,NA,NA,NA,NA,1,1,1,1,1,1,1,1,1,1,1,1,1,NA
"Occupational particulate matter, gases, and fumes","High","Chronic obstructive pulmonary disease","Both","Male",NA,NA,NA,NA,NA,NA,NA,2.364,2.341,2.37,2.391,2.387,2.379,2.409,2.361,2.367,2.373,2.357,2.402,2.398,2.359
"Occupational particulate matter, gases, and fumes","Low","Chronic obstructive pulmonary disease","Both","Male",NA,NA,NA,NA,NA,NA,NA,1.462,1.457,1.464,1.45,1.452,1.454,1.446,1.457,1.453,1.46,1.443,1.462,1.464,1.462
"Occupational particulate matter, gases, and fumes","None","Chronic obstructive pulmonary disease","Both","Male",NA,NA,NA,NA,NA,NA,NA,1,1,1,1,1,1,1,1,1,1,1,1,1,1
"Occupational particulate matter, gases, and fumes","High","Chronic obstructive pulmonary disease","Both","Female",NA,NA,NA,NA,NA,NA,NA,2.371,2.395,2.364,2.377,2.375,2.326,2.35,2.35,2.364,2.364,2.395,2.336,2.363,2.404
"Occupational particulate matter, gases, and fumes","Low","Chronic obstructive pulmonary disease","Both","Female",NA,NA,NA,NA,NA,NA,NA,1.446,1.459,1.453,1.459,1.456,1.47,1.44,1.457,1.455,1.451,1.459,1.448,1.467,1.456
"Occupational particulate matter, gases, and fumes","None","Chronic obstructive pulmonary disease","Both","Female",NA,NA,NA,NA,NA,NA,NA,1,1,1,1,1,1,1,1,1,1,1,1,1,1
"Occupational noise","High exposure, >90dB","Rheumatoid arthritis","Morbidity","Both",NA,NA,NA,NA,NA,NA,NA,8.249,8.292,6.707,6.687,6.075,5.983,5.66,5.61,3.62,3.583,2.138,2.173,1.294,NA
"Occupational noise","Low exposure, 85-90dB","Rheumatoid arthritis","Morbidity","Both",NA,NA,NA,NA,NA,NA,NA,3.023,2.972,3.444,3.482,3.837,3.867,3.98,3.943,2.711,2.693,1.83,1.825,1.218,NA
"Occupational noise","No exposure","Rheumatoid arthritis","Morbidity","Both",NA,NA,NA,NA,NA,NA,NA,1,1,1,1,1,1,1,1,1,1,1,1,1,NA
"Occupational noise","High exposure, >90dB","Osteoarthritis","Morbidity","Both",NA,NA,NA,NA,NA,NA,NA,8.249,8.292,6.707,6.687,6.075,5.983,5.66,5.61,3.62,3.583,2.138,2.173,1.294,NA
"Occupational noise","Low exposure, 85-90dB","Osteoarthritis","Morbidity","Both",NA,NA,NA,NA,NA,NA,NA,3.023,2.972,3.444,3.482,3.837,3.867,3.98,3.943,2.711,2.693,1.83,1.825,1.218,NA
"Occupational noise","No exposure","Osteoarthritis","Morbidity","Both",NA,NA,NA,NA,NA,NA,NA,1,1,1,1,1,1,1,1,1,1,1,1,1,NA
"Occupational noise","High exposure, >90dB","Low back pain","Morbidity","Both",NA,NA,NA,NA,NA,NA,NA,8.33,8.437,6.69,6.734,5.974,5.981,5.629,5.589,3.591,3.607,2.144,2.173,1.294,NA
"Occupational noise","Low exposure, 85-90dB","Low back pain","Morbidity","Both",NA,NA,NA,NA,NA,NA,NA,3.023,3.018,3.455,3.446,3.875,3.848,3.943,3.944,2.697,2.69,1.833,1.813,1.222,NA
"Occupational noise","No exposure","Low back pain","Morbidity","Both",NA,NA,NA,NA,NA,NA,NA,1,1,1,1,1,1,1,1,1,1,1,1,1,NA
"Occupational noise","High exposure, >90dB","Neck pain","Morbidity","Both",NA,NA,NA,NA,NA,NA,NA,8.242,8.371,6.771,6.703,5.932,5.941,5.62,5.628,3.625,3.625,2.17,2.17,1.291,NA
"Occupational noise","Low exposure, 85-90dB","Neck pain","Morbidity","Both",NA,NA,NA,NA,NA,NA,NA,3.004,2.986,3.482,3.478,3.858,3.813,3.917,3.985,2.701,2.695,1.812,1.824,1.222,NA
"Occupational noise","No exposure","Neck pain","Morbidity","Both",NA,NA,NA,NA,NA,NA,NA,1,1,1,1,1,1,1,1,1,1,1,1,1,NA
"Occupational noise","High exposure, >90dB","Gout","Morbidity","Both",NA,NA,NA,NA,NA,NA,NA,8.242,8.371,6.771,6.703,5.932,5.941,5.62,5.628,3.625,3.625,2.17,2.17,1.291,NA
"Occupational noise","Low exposure, 85-90dB","Gout","Morbidity","Both",NA,NA,NA,NA,NA,NA,NA,3.004,2.986,3.482,3.478,3.858,3.813,3.917,3.985,2.701,2.695,1.812,1.824,1.222,NA
"Occupational noise","No exposure","Gout","Morbidity","Both",NA,NA,NA,NA,NA,NA,NA,1,1,1,1,1,1,1,1,1,1,1,1,1,NA
"Occupational ergonomic factors","Professional,  technical and related workers","Low back pain","Morbidity","Both",NA,NA,NA,NA,NA,NA,NA,1.173,1.172,1.169,1.17,1.17,1.172,1.171,1.169,1.171,1.17,1.17,1.172,1.172,NA
"Occupational ergonomic factors","Administrative and managerial workers","Low back pain","Morbidity","Both",NA,NA,NA,NA,NA,NA,NA,1.211,1.21,1.209,1.209,1.207,1.207,1.205,1.205,1.205,1.203,1.209,1.21,1.203,NA
"Occupational ergonomic factors","Clerical and related workers","Low back pain","Morbidity","Both",NA,NA,NA,NA,NA,NA,NA,1,1,1,1,1,1,1,1,1,1,1,1,1,NA
"Occupational ergonomic factors","Sales workers","Low back pain","Morbidity","Both",NA,NA,NA,NA,NA,NA,NA,1.22,1.21,1.213,1.214,1.207,1.218,1.212,1.216,1.219,1.211,1.213,1.21,1.214,NA
"Occupational ergonomic factors","Service workers","Low back pain","Morbidity","Both",NA,NA,NA,NA,NA,NA,NA,1.472,1.472,1.471,1.472,1.469,1.472,1.469,1.47,1.472,1.472,1.474,1.47,1.472,NA
"Occupational ergonomic factors","Agriculture,  animal husbandry and forestry workers,  fishermen and hunters","Low back pain","Morbidity","Both",NA,NA,NA,NA,NA,NA,NA,3.789,3.762,3.869,3.775,3.774,3.771,3.793,3.785,3.776,3.792,3.802,3.746,3.77,NA
"Occupational ergonomic factors","Production and related workers,  transport equipment operators and labourers","Low back pain","Morbidity","Both",NA,NA,NA,NA,NA,NA,NA,1.543,1.54,1.542,1.543,1.542,1.543,1.541,1.542,1.541,1.54,1.54,1.538,1.541,NA
"Occupational ergonomic factors","Background","Low back pain","Morbidity","Both",NA,NA,NA,NA,NA,NA,NA,1,1,1,1,1,1,1,1,1,1,1,1,1,NA
"Non-exclusive breastfeeding ","None","Diarrhoeal diseases","Morbidity","Both",NA,NA,2.737,2.684,NA,NA,NA,NA,NA,NA,NA,NA,NA,NA,NA,NA,NA,NA,NA,NA,NA
"Non-exclusive breastfeeding ","Partial","Diarrhoeal diseases","Morbidity","Both",NA,NA,1.732,1.746,NA,NA,NA,NA,NA,NA,NA,NA,NA,NA,NA,NA,NA,NA,NA,NA,NA
"Non-exclusive breastfeeding ","Predominant","Diarrhoeal diseases","Morbidity","Both",NA,NA,1.274,1.311,NA,NA,NA,NA,NA,NA,NA,NA,NA,NA,NA,NA,NA,NA,NA,NA,NA
"Non-exclusive breastfeeding ","Exclusive","Diarrhoeal diseases","Morbidity","Both",NA,NA,1,1,NA,NA,NA,NA,NA,NA,NA,NA,NA,NA,NA,NA,NA,NA,NA,NA,NA
"Non-exclusive breastfeeding ","None","Diarrhoeal diseases","Mortality","Both",NA,NA,13.497,13.154,NA,NA,NA,NA,NA,NA,NA,NA,NA,NA,NA,NA,NA,NA,NA,NA,NA
"Non-exclusive breastfeeding ","Partial","Diarrhoeal diseases","Mortality","Both",NA,NA,5.12,5.098,NA,NA,NA,NA,NA,NA,NA,NA,NA,NA,NA,NA,NA,NA,NA,NA,NA
"Non-exclusive breastfeeding ","Predominant","Diarrhoeal diseases","Mortality","Both",NA,NA,2.645,2.586,NA,NA,NA,NA,NA,NA,NA,NA,NA,NA,NA,NA,NA,NA,NA,NA,NA
"Non-exclusive breastfeeding ","Exclusive","Diarrhoeal diseases","Mortality","Both",NA,NA,1,1,NA,NA,NA,NA,NA,NA,NA,NA,NA,NA,NA,NA,NA,NA,NA,NA,NA
"Non-exclusive breastfeeding ","None","Lower respiratory infections","Morbidity","Both",NA,NA,4.347,4.732,NA,NA,NA,NA,NA,NA,NA,NA,NA,NA,NA,NA,NA,NA,NA,NA,NA
"Non-exclusive breastfeeding ","Partial","Lower respiratory infections","Morbidity","Both",NA,NA,4.868,5.534,NA,NA,NA,NA,NA,NA,NA,NA,NA,NA,NA,NA,NA,NA,NA,NA,NA
"Non-exclusive breastfeeding ","Predominant","Lower respiratory infections","Morbidity","Both",NA,NA,1.793,1.814,NA,NA,NA,NA,NA,NA,NA,NA,NA,NA,NA,NA,NA,NA,NA,NA,NA
"Non-exclusive breastfeeding ","Exclusive","Lower respiratory infections","Morbidity","Both",NA,NA,1,1,NA,NA,NA,NA,NA,NA,NA,NA,NA,NA,NA,NA,NA,NA,NA,NA,NA
"Non-exclusive breastfeeding ","None","Lower respiratory infections","Mortality","Both",NA,NA,41.58,50.178,NA,NA,NA,NA,NA,NA,NA,NA,NA,NA,NA,NA,NA,NA,NA,NA,NA
"Non-exclusive breastfeeding ","Partial","Lower respiratory infections","Mortality","Both",NA,NA,2.793,2.757,NA,NA,NA,NA,NA,NA,NA,NA,NA,NA,NA,NA,NA,NA,NA,NA,NA
"Non-exclusive breastfeeding ","Predominant","Lower respiratory infections","Mortality","Both",NA,NA,1.941,1.944,NA,NA,NA,NA,NA,NA,NA,NA,NA,NA,NA,NA,NA,NA,NA,NA,NA
"Non-exclusive breastfeeding ","Exclusive","Lower respiratory infections","Mortality","Both",NA,NA,1,1,NA,NA,NA,NA,NA,NA,NA,NA,NA,NA,NA,NA,NA,NA,NA,NA,NA
"Discontinued breastfeeding ","Not continued","Diarrhoeal diseases","Both","Both",NA,NA,NA,2.313,2.308,NA,NA,NA,NA,NA,NA,NA,NA,NA,NA,NA,NA,NA,NA,NA,NA
"Discontinued breastfeeding ","Continued","Diarrhoeal diseases","Both","Both",NA,NA,NA,1,1,NA,NA,NA,NA,NA,NA,NA,NA,NA,NA,NA,NA,NA,NA,NA,NA
"Childhood underweight","<-3 sd","Diarrhoeal diseases","Both","Both",NA,2.332,2.332,2.332,2.332,NA,NA,NA,NA,NA,NA,NA,NA,NA,NA,NA,NA,NA,NA,NA,NA
"Childhood underweight","-3 to -2 sd","Diarrhoeal diseases","Both","Both",NA,1.23,1.23,1.23,1.23,NA,NA,NA,NA,NA,NA,NA,NA,NA,NA,NA,NA,NA,NA,NA,NA
"Childhood underweight","-2 to -1 sd","Diarrhoeal diseases","Both","Both",NA,1.088,1.088,1.088,1.088,NA,NA,NA,NA,NA,NA,NA,NA,NA,NA,NA,NA,NA,NA,NA,NA
"Childhood underweight","-1 sd and above","Diarrhoeal diseases","Both","Both",NA,1,1,1,1,NA,NA,NA,NA,NA,NA,NA,NA,NA,NA,NA,NA,NA,NA,NA,NA
"Childhood underweight","<-3 sd","Lower respiratory infections","Both","Both",NA,2.593,2.593,2.593,2.593,NA,NA,NA,NA,NA,NA,NA,NA,NA,NA,NA,NA,NA,NA,NA,NA
"Childhood underweight","-3 to -2 sd","Lower respiratory infections","Both","Both",NA,1.365,1.365,1.365,1.365,NA,NA,NA,NA,NA,NA,NA,NA,NA,NA,NA,NA,NA,NA,NA,NA
"Childhood underweight","-2 to -1 sd","Lower respiratory infections","Both","Both",NA,1.145,1.145,1.145,1.145,NA,NA,NA,NA,NA,NA,NA,NA,NA,NA,NA,NA,NA,NA,NA,NA
"Childhood underweight","-1 sd and above","Lower respiratory infections","Both","Both",NA,1,1,1,1,NA,NA,NA,NA,NA,NA,NA,NA,NA,NA,NA,NA,NA,NA,NA,NA
"Childhood underweight","<-3 sd","Measles","Both","Both",NA,5.668,5.668,5.668,5.668,NA,NA,NA,NA,NA,NA,NA,NA,NA,NA,NA,NA,NA,NA,NA,NA
"Childhood underweight","-3 to -2 sd","Measles","Both","Both",NA,2.458,2.458,2.458,2.458,NA,NA,NA,NA,NA,NA,NA,NA,NA,NA,NA,NA,NA,NA,NA,NA
"Childhood underweight","-2 to -1 sd","Measles","Both","Both",NA,0.995,0.995,0.995,0.995,NA,NA,NA,NA,NA,NA,NA,NA,NA,NA,NA,NA,NA,NA,NA,NA
"Childhood underweight","-1 sd and above","Measles","Both","Both",NA,1,1,1,1,NA,NA,NA,NA,NA,NA,NA,NA,NA,NA,NA,NA,NA,NA,NA,NA
"Childhood wasting","<-3 sd","Diarrhoeal diseases","Both","Both",NA,105.759,105.759,105.759,105.759,NA,NA,NA,NA,NA,NA,NA,NA,NA,NA,NA,NA,NA,NA,NA,NA
"Childhood wasting","-3 to -2 sd","Diarrhoeal diseases","Both","Both",NA,23.261,23.261,23.261,23.261,NA,NA,NA,NA,NA,NA,NA,NA,NA,NA,NA,NA,NA,NA,NA,NA
"Childhood wasting","-2 to -1 sd","Diarrhoeal diseases","Both","Both",NA,6.601,6.601,6.601,6.601,NA,NA,NA,NA,NA,NA,NA,NA,NA,NA,NA,NA,NA,NA,NA,NA
"Childhood wasting","-1 sd and above","Diarrhoeal diseases","Both","Both",NA,1,1,1,1,NA,NA,NA,NA,NA,NA,NA,NA,NA,NA,NA,NA,NA,NA,NA,NA
"Childhood wasting","<-3 sd","Lower respiratory infections","Both","Both",NA,47.67,47.67,47.67,47.67,NA,NA,NA,NA,NA,NA,NA,NA,NA,NA,NA,NA,NA,NA,NA,NA
"Childhood wasting","-3 to -2 sd","Lower respiratory infections","Both","Both",NA,20.455,20.455,20.455,20.455,NA,NA,NA,NA,NA,NA,NA,NA,NA,NA,NA,NA,NA,NA,NA,NA
"Childhood wasting","-2 to -1 sd","Lower respiratory infections","Both","Both",NA,5.941,5.941,5.941,5.941,NA,NA,NA,NA,NA,NA,NA,NA,NA,NA,NA,NA,NA,NA,NA,NA
"Childhood wasting","-1 sd and above","Lower respiratory infections","Both","Both",NA,1,1,1,1,NA,NA,NA,NA,NA,NA,NA,NA,NA,NA,NA,NA,NA,NA,NA,NA
"Childhood wasting","<-3 sd","Measles","Both","Both",NA,37.936,37.936,37.936,37.936,NA,NA,NA,NA,NA,NA,NA,NA,NA,NA,NA,NA,NA,NA,NA,NA
"Childhood wasting","-3 to -2 sd","Measles","Both","Both",NA,8.477,8.477,8.477,8.477,NA,NA,NA,NA,NA,NA,NA,NA,NA,NA,NA,NA,NA,NA,NA,NA
"Childhood wasting","-2 to -1 sd","Measles","Both","Both",NA,1.833,1.833,1.833,1.833,NA,NA,NA,NA,NA,NA,NA,NA,NA,NA,NA,NA,NA,NA,NA,NA
"Childhood wasting","-1 sd and above","Measles","Both","Both",NA,1,1,1,1,NA,NA,NA,NA,NA,NA,NA,NA,NA,NA,NA,NA,NA,NA,NA,NA
"Childhood stunting","<-3 sd","Diarrhoeal diseases","Both","Both",NA,1.851,1.851,1.851,1.851,NA,NA,NA,NA,NA,NA,NA,NA,NA,NA,NA,NA,NA,NA,NA,NA
"Childhood stunting","-3 to -2 sd","Diarrhoeal diseases","Both","Both",NA,1.222,1.222,1.222,1.222,NA,NA,NA,NA,NA,NA,NA,NA,NA,NA,NA,NA,NA,NA,NA,NA
"Childhood stunting","-2 to -1 sd","Diarrhoeal diseases","Both","Both",NA,1.111,1.111,1.111,1.111,NA,NA,NA,NA,NA,NA,NA,NA,NA,NA,NA,NA,NA,NA,NA,NA
"Childhood stunting","-1 sd and above","Diarrhoeal diseases","Both","Both",NA,1,1,1,1,NA,NA,NA,NA,NA,NA,NA,NA,NA,NA,NA,NA,NA,NA,NA,NA
"Childhood stunting","<-3 sd","Lower respiratory infections","Both","Both",NA,2.355,2.355,2.355,2.355,NA,NA,NA,NA,NA,NA,NA,NA,NA,NA,NA,NA,NA,NA,NA,NA
"Childhood stunting","-3 to -2 sd","Lower respiratory infections","Both","Both",NA,1.318,1.318,1.318,1.318,NA,NA,NA,NA,NA,NA,NA,NA,NA,NA,NA,NA,NA,NA,NA,NA
"Childhood stunting","-2 to -1 sd","Lower respiratory infections","Both","Both",NA,1.158,1.158,1.158,1.158,NA,NA,NA,NA,NA,NA,NA,NA,NA,NA,NA,NA,NA,NA,NA,NA
"Childhood stunting","-1 sd and above","Lower respiratory infections","Both","Both",NA,1,1,1,1,NA,NA,NA,NA,NA,NA,NA,NA,NA,NA,NA,NA,NA,NA,NA,NA
"Childhood stunting","<-3 sd","Measles","Both","Both",NA,2.487,2.487,2.487,2.487,NA,NA,NA,NA,NA,NA,NA,NA,NA,NA,NA,NA,NA,NA,NA,NA
"Childhood stunting","-3 to -2 sd","Measles","Both","Both",NA,1.54,1.54,1.54,1.54,NA,NA,NA,NA,NA,NA,NA,NA,NA,NA,NA,NA,NA,NA,NA,NA
"Childhood stunting","-2 to -1 sd","Measles","Both","Both",NA,1.103,1.103,1.103,1.103,NA,NA,NA,NA,NA,NA,NA,NA,NA,NA,NA,NA,NA,NA,NA,NA
"Childhood stunting","-1 sd and above","Measles","Both","Both",NA,1,1,1,1,NA,NA,NA,NA,NA,NA,NA,NA,NA,NA,NA,NA,NA,NA,NA,NA
"Iron deficiency","1 g/dL","Maternal haemorrhage","Both","Both",NA,NA,NA,NA,NA,NA,NA,1.252,1.252,1.252,1.252,1.252,1.252,1.252,NA,NA,NA,NA,NA,NA,NA
"Iron deficiency","1 g/dL","Maternal sepsis and other pregnancy related infections","Both","Both",NA,NA,NA,NA,NA,NA,NA,1.252,1.252,1.252,1.252,1.252,1.252,1.252,NA,NA,NA,NA,NA,NA,NA
"Vitamin A deficiency","Vitamin A deficient","Diarrhoeal diseases","Both","Both",NA,NA,NA,1.323,1.595,NA,NA,NA,NA,NA,NA,NA,NA,NA,NA,NA,NA,NA,NA,NA,NA
"Vitamin A deficiency","Not deficient","Diarrhoeal diseases","Both","Both",NA,NA,NA,1,1,NA,NA,NA,NA,NA,NA,NA,NA,NA,NA,NA,NA,NA,NA,NA,NA
"Vitamin A deficiency","Vitamin A deficient","Measles","Both","Both",NA,NA,NA,1.766,2.402,NA,NA,NA,NA,NA,NA,NA,NA,NA,NA,NA,NA,NA,NA,NA,NA
"Vitamin A deficiency","Not deficient","Measles","Both","Both",NA,NA,NA,1,1,NA,NA,NA,NA,NA,NA,NA,NA,NA,NA,NA,NA,NA,NA,NA,NA
"Zinc deficiency","Not deficient","Diarrhoeal diseases","Both","Both",NA,NA,NA,NA,1,NA,NA,NA,NA,NA,NA,NA,NA,NA,NA,NA,NA,NA,NA,NA,NA
"Zinc deficiency","Zinc deficient","Diarrhoeal diseases","Morbidity","Both",NA,NA,NA,NA,1.903,NA,NA,NA,NA,NA,NA,NA,NA,NA,NA,NA,NA,NA,NA,NA,NA
"Zinc deficiency","Zinc deficient","Diarrhoeal diseases","Mortality","Both",NA,NA,NA,NA,1.951,NA,NA,NA,NA,NA,NA,NA,NA,NA,NA,NA,NA,NA,NA,NA,NA
"Zinc deficiency","Not deficient","Lower respiratory infections","Both","Both",NA,NA,NA,NA,1,NA,NA,NA,NA,NA,NA,NA,NA,NA,NA,NA,NA,NA,NA,NA,NA
"Zinc deficiency","Zinc deficient","Lower respiratory infections","Morbidity","Both",NA,NA,NA,NA,1.837,NA,NA,NA,NA,NA,NA,NA,NA,NA,NA,NA,NA,NA,NA,NA,NA
"Zinc deficiency","Zinc deficient","Lower respiratory infections","Mortality","Both",NA,NA,NA,NA,1.672,NA,NA,NA,NA,NA,NA,NA,NA,NA,NA,NA,NA,NA,NA,NA,NA
"Smoking (prevalence approach)","Smoker (5 year lag)","Tuberculosis","Both","Male",NA,NA,NA,NA,NA,NA,NA,NA,NA,NA,1.588,1.588,1.588,1.588,1.588,1.588,1.588,1.588,1.588,1.588,1.588
"Smoking (prevalence approach)","Nonsmoker (5 year lag)","Tuberculosis","Both","Male",NA,NA,NA,NA,NA,NA,NA,NA,NA,NA,1,1,1,1,1,1,1,1,1,1,1
"Smoking (prevalence approach)","Smoker (5 year lag)","Tuberculosis","Both","Female",NA,NA,NA,NA,NA,NA,NA,NA,NA,NA,1.599,1.599,1.599,1.599,1.599,1.599,1.599,1.599,1.599,1.599,1.599
"Smoking (prevalence approach)","Nonsmoker (5 year lag)","Tuberculosis","Both","Female",NA,NA,NA,NA,NA,NA,NA,NA,NA,NA,1,1,1,1,1,1,1,1,1,1,1
"Smoking (prevalence approach)","Smoker (5 year lag)","Ischaemic heart disease","Both","Male",NA,NA,NA,NA,NA,NA,NA,NA,NA,NA,4.316,3.924,3.569,3.246,2.952,2.685,2.443,2.223,2.023,1.841,1.598
"Smoking (prevalence approach)","Nonsmoker (5 year lag)","Ischaemic heart disease","Both","Male",NA,NA,NA,NA,NA,NA,NA,NA,NA,NA,1,1,1,1,1,1,1,1,1,1,1
"Smoking (prevalence approach)","Smoker (5 year lag)","Ischaemic heart disease","Both","Female",NA,NA,NA,NA,NA,NA,NA,NA,NA,NA,6.145,5.464,4.859,4.321,3.843,3.417,3.039,2.703,2.404,2.139,1.794
"Smoking (prevalence approach)","Nonsmoker (5 year lag)","Ischaemic heart disease","Both","Female",NA,NA,NA,NA,NA,NA,NA,NA,NA,NA,1,1,1,1,1,1,1,1,1,1,1
"Smoking (prevalence approach)","Smoker (5 year lag)","Ischaemic stroke","Both","Male",NA,NA,NA,NA,NA,NA,NA,NA,NA,NA,4.175,3.805,3.468,3.161,2.882,2.627,2.395,2.184,1.992,1.816,1.582
"Smoking (prevalence approach)","Nonsmoker (5 year lag)","Ischaemic stroke","Both","Male",NA,NA,NA,NA,NA,NA,NA,NA,NA,NA,1,1,1,1,1,1,1,1,1,1,1
"Smoking (prevalence approach)","Smoker (5 year lag)","Ischaemic stroke","Both","Female",NA,NA,NA,NA,NA,NA,NA,NA,NA,NA,6.02,5.357,4.767,4.243,3.777,3.363,2.994,2.666,2.375,2.115,1.778
"Smoking (prevalence approach)","Nonsmoker (5 year lag)","Ischaemic stroke","Both","Female",NA,NA,NA,NA,NA,NA,NA,NA,NA,NA,1,1,1,1,1,1,1,1,1,1,1
"Smoking (prevalence approach)","Smoker (5 year lag)","Hemorrhagic stroke","Both","Male",NA,NA,NA,NA,NA,NA,NA,NA,NA,NA,4.175,3.805,3.468,3.161,2.882,2.627,2.395,2.184,1.992,1.816,1.582
"Smoking (prevalence approach)","Nonsmoker (5 year lag)","Hemorrhagic stroke","Both","Male",NA,NA,NA,NA,NA,NA,NA,NA,NA,NA,1,1,1,1,1,1,1,1,1,1,1
"Smoking (prevalence approach)","Smoker (5 year lag)","Hemorrhagic stroke","Both","Female",NA,NA,NA,NA,NA,NA,NA,NA,NA,NA,6.02,5.357,4.767,4.243,3.777,3.363,2.994,2.666,2.375,2.115,1.778
"Smoking (prevalence approach)","Nonsmoker (5 year lag)","Hemorrhagic stroke","Both","Female",NA,NA,NA,NA,NA,NA,NA,NA,NA,NA,1,1,1,1,1,1,1,1,1,1,1
"Smoking (prevalence approach)","Smoker (5 year lag)","Hypertensive heart disease","Both","Male",NA,NA,NA,NA,NA,NA,NA,NA,NA,NA,4.153,3.785,3.451,3.146,2.868,2.616,2.386,2.176,1.985,1.811,1.578
"Smoking (prevalence approach)","Nonsmoker (5 year lag)","Hypertensive heart disease","Both","Male",NA,NA,NA,NA,NA,NA,NA,NA,NA,NA,1,1,1,1,1,1,1,1,1,1,1
"Smoking (prevalence approach)","Smoker (5 year lag)","Hypertensive heart disease","Both","Female",NA,NA,NA,NA,NA,NA,NA,NA,NA,NA,4.11,3.74,3.405,3.102,2.826,2.576,2.35,2.144,1.957,1.787,1.56
"Smoking (prevalence approach)","Nonsmoker (5 year lag)","Hypertensive heart disease","Both","Female",NA,NA,NA,NA,NA,NA,NA,NA,NA,NA,1,1,1,1,1,1,1,1,1,1,1
"Smoking (prevalence approach)","Smoker (5 year lag)","Atrial fibrillation and flutter","Both","Male",NA,NA,NA,NA,NA,NA,NA,NA,NA,NA,4.153,3.785,3.451,3.146,2.868,2.616,2.386,2.176,1.985,1.811,1.578
"Smoking (prevalence approach)","Nonsmoker (5 year lag)","Atrial fibrillation and flutter","Both","Male",NA,NA,NA,NA,NA,NA,NA,NA,NA,NA,1,1,1,1,1,1,1,1,1,1,1
"Smoking (prevalence approach)","Smoker (5 year lag)","Atrial fibrillation and flutter","Both","Female",NA,NA,NA,NA,NA,NA,NA,NA,NA,NA,4.11,3.74,3.405,3.102,2.826,2.576,2.35,2.144,1.957,1.787,1.56
"Smoking (prevalence approach)","Nonsmoker (5 year lag)","Atrial fibrillation and flutter","Both","Female",NA,NA,NA,NA,NA,NA,NA,NA,NA,NA,1,1,1,1,1,1,1,1,1,1,1
"Smoking (prevalence approach)","Smoker (5 year lag)","Aortic aneurysm","Both","Male",NA,NA,NA,NA,NA,NA,NA,NA,NA,NA,4.153,3.785,3.451,3.146,2.868,2.616,2.386,2.176,1.985,1.811,1.578
"Smoking (prevalence approach)","Nonsmoker (5 year lag)","Aortic aneurysm","Both","Male",NA,NA,NA,NA,NA,NA,NA,NA,NA,NA,1,1,1,1,1,1,1,1,1,1,1
"Smoking (prevalence approach)","Smoker (5 year lag)","Aortic aneurysm","Both","Female",NA,NA,NA,NA,NA,NA,NA,NA,NA,NA,4.11,3.74,3.405,3.102,2.826,2.576,2.35,2.144,1.957,1.787,1.56
"Smoking (prevalence approach)","Nonsmoker (5 year lag)","Aortic aneurysm","Both","Female",NA,NA,NA,NA,NA,NA,NA,NA,NA,NA,1,1,1,1,1,1,1,1,1,1,1
"Smoking (prevalence approach)","Smoker (5 year lag)","Peripheral vascular disease","Both","Male",NA,NA,NA,NA,NA,NA,NA,NA,NA,NA,4.153,3.785,3.451,3.146,2.868,2.616,2.386,2.176,1.985,1.811,1.578
"Smoking (prevalence approach)","Nonsmoker (5 year lag)","Peripheral vascular disease","Both","Male",NA,NA,NA,NA,NA,NA,NA,NA,NA,NA,1,1,1,1,1,1,1,1,1,1,1
"Smoking (prevalence approach)","Smoker (5 year lag)","Peripheral vascular disease","Both","Female",NA,NA,NA,NA,NA,NA,NA,NA,NA,NA,4.11,3.74,3.405,3.102,2.826,2.576,2.35,2.144,1.957,1.787,1.56
"Smoking (prevalence approach)","Nonsmoker (5 year lag)","Peripheral vascular disease","Both","Female",NA,NA,NA,NA,NA,NA,NA,NA,NA,NA,1,1,1,1,1,1,1,1,1,1,1
"Smoking (prevalence approach)","Smoker (5 year lag)","Other cardiovascular and circulatory diseases","Both","Male",NA,NA,NA,NA,NA,NA,NA,NA,NA,NA,4.153,3.785,3.451,3.146,2.868,2.616,2.386,2.176,1.985,1.811,1.578
"Smoking (prevalence approach)","Nonsmoker (5 year lag)","Other cardiovascular and circulatory diseases","Both","Male",NA,NA,NA,NA,NA,NA,NA,NA,NA,NA,1,1,1,1,1,1,1,1,1,1,1
"Smoking (prevalence approach)","Smoker (5 year lag)","Other cardiovascular and circulatory diseases","Both","Female",NA,NA,NA,NA,NA,NA,NA,NA,NA,NA,4.11,3.74,3.405,3.102,2.826,2.576,2.35,2.144,1.957,1.787,1.56
"Smoking (prevalence approach)","Nonsmoker (5 year lag)","Other cardiovascular and circulatory diseases","Both","Female",NA,NA,NA,NA,NA,NA,NA,NA,NA,NA,1,1,1,1,1,1,1,1,1,1,1
"Smoking (prevalence approach)","Smoker (5 year lag)","Asthma","Both","Male",NA,NA,NA,NA,NA,NA,NA,NA,NA,NA,2.098,2.098,2.098,2.098,2.098,2.098,2.098,2.098,2.098,2.098,2.098
"Smoking (prevalence approach)","Nonsmoker (5 year lag)","Asthma","Both","Male",NA,NA,NA,NA,NA,NA,NA,NA,NA,NA,1,1,1,1,1,1,1,1,1,1,1
"Smoking (prevalence approach)","Smoker (5 year lag)","Asthma","Both","Female",NA,NA,NA,NA,NA,NA,NA,NA,NA,NA,1.976,1.976,1.976,1.976,1.976,1.976,1.976,1.976,1.976,1.976,1.976
"Smoking (prevalence approach)","Nonsmoker (5 year lag)","Asthma","Both","Female",NA,NA,NA,NA,NA,NA,NA,NA,NA,NA,1,1,1,1,1,1,1,1,1,1,1
"Smoking (prevalence approach)","Smoker (5 year lag)","Peptic ulcer disease","Both","Both",NA,NA,NA,NA,NA,NA,2.04,2.04,2.04,2.04,2.04,2.04,2.04,2.04,2.04,2.04,2.04,2.04,2.04,2.04,2.04
"Smoking (prevalence approach)","Nonsmoker (5 year lag)","Peptic ulcer disease","Both","Both",NA,NA,NA,NA,NA,NA,1,1,1,1,1,1,1,1,1,1,1,1,1,1,1
"Smoking (prevalence approach)","Smoker (5 year lag)","Diabetes mellitus","Both","Male",NA,NA,NA,NA,NA,NA,NA,NA,NA,NA,1.426,1.426,1.426,1.426,1.426,1.426,1.426,1.426,1.426,1.426,1.426
"Smoking (prevalence approach)","Nonsmoker (5 year lag)","Diabetes mellitus","Both","Male",NA,NA,NA,NA,NA,NA,NA,NA,NA,NA,1,1,1,1,1,1,1,1,1,1,1
"Smoking (prevalence approach)","Smoker (5 year lag)","Diabetes mellitus","Both","Female",NA,NA,NA,NA,NA,NA,NA,NA,NA,NA,1.102,1.102,1.102,1.102,1.102,1.102,1.102,1.102,1.102,1.102,1.102
"Smoking (prevalence approach)","Nonsmoker (5 year lag)","Diabetes mellitus","Both","Female",NA,NA,NA,NA,NA,NA,NA,NA,NA,NA,1,1,1,1,1,1,1,1,1,1,1
"Smoking (prevalence approach)","Smoker (5 year lag)","Rheumatoid arthritis","Both","Both",NA,NA,NA,NA,NA,NA,1.375,1.375,1.375,1.375,1.375,1.375,1.375,1.375,1.375,1.375,1.375,1.375,1.375,1.375,1.375
"Smoking (prevalence approach)","Nonsmoker (5 year lag)","Rheumatoid arthritis","Both","Both",NA,NA,NA,NA,NA,NA,1,1,1,1,1,1,1,1,1,1,1,1,1,1,1
"Smoking (prevalence approach)","Smoker (5 year lag)","Cataract","Both","Both",NA,NA,NA,NA,NA,NA,1.671,1.671,1.671,1.671,1.671,1.671,1.671,1.671,1.671,1.671,1.671,1.671,1.671,1.671,1.671
"Smoking (prevalence approach)","Nonsmoker (5 year lag)","Cataract","Both","Both",NA,NA,NA,NA,NA,NA,1,1,1,1,1,1,1,1,1,1,1,1,1,1,1
"Smoking (prevalence approach)","Smoker (5 year lag)","Macular degeneration","Both","Both",NA,NA,NA,NA,NA,NA,1.911,1.911,1.911,1.911,1.911,1.911,1.911,1.911,1.911,1.911,1.911,1.911,1.911,1.911,1.911
"Smoking (prevalence approach)","Nonsmoker (5 year lag)","Macular degeneration","Both","Both",NA,NA,NA,NA,NA,NA,1,1,1,1,1,1,1,1,1,1,1,1,1,1,1
"Smoking (SIR approach)","SIR","Lip and oral cavity cancer","Both","Male",NA,NA,NA,NA,NA,NA,NA,NA,NA,NA,8.162,8.162,8.162,8.162,8.162,8.162,8.162,8.162,8.162,8.162,8.162
"Smoking (SIR approach)","1-SIR","Lip and oral cavity cancer","Both","Male",NA,NA,NA,NA,NA,NA,NA,NA,NA,NA,1,1,1,1,1,1,1,1,1,1,1
"Smoking (SIR approach)","SIR","Lip and oral cavity cancer","Both","Female",NA,NA,NA,NA,NA,NA,NA,NA,NA,NA,6.056,6.056,6.056,6.056,6.056,6.056,6.056,6.056,6.056,6.056,6.056
"Smoking (SIR approach)","1-SIR","Lip and oral cavity cancer","Both","Female",NA,NA,NA,NA,NA,NA,NA,NA,NA,NA,1,1,1,1,1,1,1,1,1,1,1
"Smoking (SIR approach)","SIR","Nasopharynx cancer","Both","Male",NA,NA,NA,NA,NA,NA,NA,NA,NA,NA,8.227,8.227,8.227,8.227,8.227,8.227,8.227,8.227,8.227,8.227,8.227
"Smoking (SIR approach)","1-SIR","Nasopharynx cancer","Both","Male",NA,NA,NA,NA,NA,NA,NA,NA,NA,NA,1,1,1,1,1,1,1,1,1,1,1
"Smoking (SIR approach)","SIR","Nasopharynx cancer","Both","Female",NA,NA,NA,NA,NA,NA,NA,NA,NA,NA,6.089,6.089,6.089,6.089,6.089,6.089,6.089,6.089,6.089,6.089,6.089
"Smoking (SIR approach)","1-SIR","Nasopharynx cancer","Both","Female",NA,NA,NA,NA,NA,NA,NA,NA,NA,NA,1,1,1,1,1,1,1,1,1,1,1
"Smoking (SIR approach)","SIR","Oesophageal cancer","Both","Male",NA,NA,NA,NA,NA,NA,NA,NA,NA,NA,6.676,6.676,6.676,6.676,6.676,6.676,6.676,6.676,6.676,6.676,6.676
"Smoking (SIR approach)","1-SIR","Oesophageal cancer","Both","Male",NA,NA,NA,NA,NA,NA,NA,NA,NA,NA,1,1,1,1,1,1,1,1,1,1,1
"Smoking (SIR approach)","SIR","Oesophageal cancer","Both","Female",NA,NA,NA,NA,NA,NA,NA,NA,NA,NA,6.357,6.357,6.357,6.357,6.357,6.357,6.357,6.357,6.357,6.357,6.357
"Smoking (SIR approach)","1-SIR","Oesophageal cancer","Both","Female",NA,NA,NA,NA,NA,NA,NA,NA,NA,NA,1,1,1,1,1,1,1,1,1,1,1
"Smoking (SIR approach)","SIR","Stomach cancer","Both","Male",NA,NA,NA,NA,NA,NA,NA,NA,NA,NA,1.927,1.927,1.927,1.927,1.927,1.927,1.927,1.927,1.927,1.927,1.927
"Smoking (SIR approach)","1-SIR","Stomach cancer","Both","Male",NA,NA,NA,NA,NA,NA,NA,NA,NA,NA,1,1,1,1,1,1,1,1,1,1,1
"Smoking (SIR approach)","SIR","Stomach cancer","Both","Female",NA,NA,NA,NA,NA,NA,NA,NA,NA,NA,1.57,1.57,1.57,1.57,1.57,1.57,1.57,1.57,1.57,1.57,1.57
"Smoking (SIR approach)","1-SIR","Stomach cancer","Both","Female",NA,NA,NA,NA,NA,NA,NA,NA,NA,NA,1,1,1,1,1,1,1,1,1,1,1
"Smoking (SIR approach)","SIR","Colon and rectum cancer","Both","Male",NA,NA,NA,NA,NA,NA,NA,NA,NA,NA,1.325,1.325,1.325,1.325,1.325,1.325,1.325,1.325,1.325,1.325,1.325
"Smoking (SIR approach)","1-SIR","Colon and rectum cancer","Both","Male",NA,NA,NA,NA,NA,NA,NA,NA,NA,NA,1,1,1,1,1,1,1,1,1,1,1
"Smoking (SIR approach)","SIR","Colon and rectum cancer","Both","Female",NA,NA,NA,NA,NA,NA,NA,NA,NA,NA,1.418,1.418,1.418,1.418,1.418,1.418,1.418,1.418,1.418,1.418,1.418
"Smoking (SIR approach)","1-SIR","Colon and rectum cancer","Both","Female",NA,NA,NA,NA,NA,NA,NA,NA,NA,NA,1,1,1,1,1,1,1,1,1,1,1
"Smoking (SIR approach)","SIR","Pancreatic cancer","Both","Male",NA,NA,NA,NA,NA,NA,NA,NA,NA,NA,2.506,2.506,2.506,2.506,2.506,2.506,2.506,2.506,2.506,2.506,2.506
"Smoking (SIR approach)","1-SIR","Pancreatic cancer","Both","Male",NA,NA,NA,NA,NA,NA,NA,NA,NA,NA,1,1,1,1,1,1,1,1,1,1,1
"Smoking (SIR approach)","SIR","Pancreatic cancer","Both","Female",NA,NA,NA,NA,NA,NA,NA,NA,NA,NA,2.098,2.098,2.098,2.098,2.098,2.098,2.098,2.098,2.098,2.098,2.098
"Smoking (SIR approach)","1-SIR","Pancreatic cancer","Both","Female",NA,NA,NA,NA,NA,NA,NA,NA,NA,NA,1,1,1,1,1,1,1,1,1,1,1
"Smoking (SIR approach)","SIR","Larynx cancer","Both","Male",NA,NA,NA,NA,NA,NA,14.602,14.602,14.602,14.602,14.602,14.602,14.602,14.602,14.602,14.602,14.602,14.602,14.602,14.602,14.602
"Smoking (SIR approach)","1-SIR","Larynx cancer","Both","Male",NA,NA,NA,NA,NA,NA,1,1,1,1,1,1,1,1,1,1,1,1,1,1,1
"Smoking (SIR approach)","SIR","Larynx cancer","Both","Female",NA,NA,NA,NA,NA,NA,135.959,135.959,135.959,135.959,135.959,135.959,135.959,135.959,135.959,135.959,135.959,135.959,135.959,135.959,135.959
"Smoking (SIR approach)","1-SIR","Larynx cancer","Both","Female",NA,NA,NA,NA,NA,NA,1,1,1,1,1,1,1,1,1,1,1,1,1,1,1
"Smoking (SIR approach)","SIR","Tracheal, bronchus, and lung cancer","Both","Male",NA,NA,NA,NA,NA,NA,NA,NA,NA,NA,22.511,22.511,22.511,22.511,22.511,22.511,22.511,22.511,22.511,22.511,22.511
"Smoking (SIR approach)","1-SIR","Tracheal, bronchus, and lung cancer","Both","Male",NA,NA,NA,NA,NA,NA,NA,NA,NA,NA,1,1,1,1,1,1,1,1,1,1,1
"Smoking (SIR approach)","SIR","Tracheal, bronchus, and lung cancer","Both","Female",NA,NA,NA,NA,NA,NA,NA,NA,NA,NA,14.095,14.095,14.095,14.095,14.095,14.095,14.095,14.095,14.095,14.095,14.095
"Smoking (SIR approach)","1-SIR","Tracheal, bronchus, and lung cancer","Both","Female",NA,NA,NA,NA,NA,NA,NA,NA,NA,NA,1,1,1,1,1,1,1,1,1,1,1
"Smoking (SIR approach)","SIR","Cervical cancer","Both","Both",NA,NA,NA,NA,NA,NA,NA,NA,NA,NA,1.679,1.679,1.679,1.679,1.679,1.679,1.679,1.679,1.679,1.679,1.679
"Smoking (SIR approach)","1-SIR","Cervical cancer","Both","Both",NA,NA,NA,NA,NA,NA,NA,NA,NA,NA,1,1,1,1,1,1,1,1,1,1,1
"Smoking (SIR approach)","SIR","Kidney cancer","Both","Male",NA,NA,NA,NA,NA,NA,NA,NA,NA,NA,2.293,2.293,2.293,2.293,2.293,2.293,2.293,2.293,2.293,2.293,2.293
"Smoking (SIR approach)","1-SIR","Kidney cancer","Both","Male",NA,NA,NA,NA,NA,NA,NA,NA,NA,NA,1,1,1,1,1,1,1,1,1,1,1
"Smoking (SIR approach)","SIR","Kidney cancer","Both","Female",NA,NA,NA,NA,NA,NA,NA,NA,NA,NA,1.518,1.518,1.518,1.518,1.518,1.518,1.518,1.518,1.518,1.518,1.518
"Smoking (SIR approach)","1-SIR","Kidney cancer","Both","Female",NA,NA,NA,NA,NA,NA,NA,NA,NA,NA,1,1,1,1,1,1,1,1,1,1,1
"Smoking (SIR approach)","SIR","Bladder cancer","Both","Male",NA,NA,NA,NA,NA,NA,NA,NA,NA,NA,3.332,3.332,3.332,3.332,3.332,3.332,3.332,3.332,3.332,3.332,3.332
"Smoking (SIR approach)","1-SIR","Bladder cancer","Both","Male",NA,NA,NA,NA,NA,NA,NA,NA,NA,NA,1,1,1,1,1,1,1,1,1,1,1
"Smoking (SIR approach)","SIR","Bladder cancer","Both","Female",NA,NA,NA,NA,NA,NA,NA,NA,NA,NA,2.582,2.582,2.582,2.582,2.582,2.582,2.582,2.582,2.582,2.582,2.582
"Smoking (SIR approach)","1-SIR","Bladder cancer","Both","Female",NA,NA,NA,NA,NA,NA,NA,NA,NA,NA,1,1,1,1,1,1,1,1,1,1,1
"Smoking (SIR approach)","SIR","Leukaemia","Both","Male",NA,NA,NA,NA,NA,NA,NA,NA,NA,NA,2.013,2.013,2.013,2.013,2.013,2.013,2.013,2.013,2.013,2.013,2.013
"Smoking (SIR approach)","1-SIR","Leukaemia","Both","Male",NA,NA,NA,NA,NA,NA,NA,NA,NA,NA,1,1,1,1,1,1,1,1,1,1,1
"Smoking (SIR approach)","SIR","Leukaemia","Both","Female",NA,NA,NA,NA,NA,NA,NA,NA,NA,NA,1.163,1.163,1.163,1.163,1.163,1.163,1.163,1.163,1.163,1.163,1.163
"Smoking (SIR approach)","1-SIR","Leukaemia","Both","Female",NA,NA,NA,NA,NA,NA,NA,NA,NA,NA,1,1,1,1,1,1,1,1,1,1,1
"Smoking (SIR approach)","SIR","Chronic obstructive pulmonary disease","Both","Male",NA,NA,NA,NA,NA,NA,NA,NA,NA,NA,11.546,11.546,11.546,11.546,11.546,11.546,11.546,11.546,11.546,11.546,11.546
"Smoking (SIR approach)","1-SIR","Chronic obstructive pulmonary disease","Both","Male",NA,NA,NA,NA,NA,NA,NA,NA,NA,NA,1,1,1,1,1,1,1,1,1,1,1
"Smoking (SIR approach)","SIR","Chronic obstructive pulmonary disease","Both","Female",NA,NA,NA,NA,NA,NA,NA,NA,NA,NA,15.257,15.257,15.257,15.257,15.257,15.257,15.257,15.257,15.257,15.257,15.257
"Smoking (SIR approach)","1-SIR","Chronic obstructive pulmonary disease","Both","Female",NA,NA,NA,NA,NA,NA,NA,NA,NA,NA,1,1,1,1,1,1,1,1,1,1,1
"Smoking (SIR approach)","SIR","Interstitial lung disease and pulmonary sarcoidosis","Both","Male",NA,NA,NA,NA,NA,NA,NA,NA,NA,NA,2.086,2.086,2.086,2.086,2.086,2.086,2.086,2.086,2.086,2.086,2.086
"Smoking (SIR approach)","1-SIR","Interstitial lung disease and pulmonary sarcoidosis","Both","Male",NA,NA,NA,NA,NA,NA,NA,NA,NA,NA,1,1,1,1,1,1,1,1,1,1,1
"Smoking (SIR approach)","SIR","Interstitial lung disease and pulmonary sarcoidosis","Both","Female",NA,NA,NA,NA,NA,NA,NA,NA,NA,NA,1.967,1.967,1.967,1.967,1.967,1.967,1.967,1.967,1.967,1.967,1.967
"Smoking (SIR approach)","1-SIR","Interstitial lung disease and pulmonary sarcoidosis","Both","Female",NA,NA,NA,NA,NA,NA,NA,NA,NA,NA,1,1,1,1,1,1,1,1,1,1,1
"Smoking (SIR approach)","SIR","Other chronic respiratory diseases","Both","Male",NA,NA,NA,NA,NA,NA,NA,NA,NA,NA,2.1,2.1,2.1,2.1,2.1,2.1,2.1,2.1,2.1,2.1,2.1
"Smoking (SIR approach)","1-SIR","Other chronic respiratory diseases","Both","Male",NA,NA,NA,NA,NA,NA,NA,NA,NA,NA,1,1,1,1,1,1,1,1,1,1,1
"Smoking (SIR approach)","SIR","Other chronic respiratory diseases","Both","Female",NA,NA,NA,NA,NA,NA,NA,NA,NA,NA,1.982,1.982,1.982,1.982,1.982,1.982,1.982,1.982,1.982,1.982,1.982
"Smoking (SIR approach)","1-SIR","Other chronic respiratory diseases","Both","Female",NA,NA,NA,NA,NA,NA,NA,NA,NA,NA,1,1,1,1,1,1,1,1,1,1,1
"Second-hand smoke","Exposed","Otitis media","Morbidity","Both",NA,1.372,1.372,1.372,1.372,1.372,1.372,NA,NA,NA,NA,NA,NA,NA,NA,NA,NA,NA,NA,NA,NA
"Second-hand smoke","Not exposed","Otitis media","Morbidity","Both",NA,1,1,1,1,1,1,NA,NA,NA,NA,NA,NA,NA,NA,NA,NA,NA,NA,NA,NA
"Second-hand smoke","Exposed","Otitis media","Mortality","Both",NA,1.372,1.372,1.372,1.372,1.372,1.372,NA,NA,NA,NA,NA,NA,NA,NA,NA,NA,NA,NA,NA,NA
"Second-hand smoke","Not exposed","Otitis media","Mortality","Both",NA,1,1,1,1,1,1,NA,NA,NA,NA,NA,NA,NA,NA,NA,NA,NA,NA,NA,NA
"Diet low in fruits","100 g/day","Lip and oral cavity cancer","Both","Both",NA,NA,NA,NA,NA,NA,NA,NA,NA,1.042,1.042,1.042,1.042,1.042,1.042,1.042,1.042,1.042,1.042,1.042,1.042
"Diet low in fruits","100 g/day","Nasopharynx cancer","Both","Both",NA,NA,NA,NA,NA,NA,NA,NA,NA,1.043,1.043,1.043,1.043,1.043,1.043,1.043,1.043,1.043,1.043,1.043,1.043
"Diet low in fruits","100 g/day","Other pharynx cancer","Both","Both",NA,NA,NA,NA,NA,NA,NA,NA,NA,1.042,1.042,1.042,1.042,1.042,1.042,1.042,1.042,1.042,1.042,1.042,1.042
"Diet low in fruits","100 g/day","Oesophageal cancer","Both","Both",NA,NA,NA,NA,NA,NA,NA,NA,NA,1.153,1.153,1.153,1.153,1.153,1.153,1.153,1.153,1.153,1.153,1.153,1.153
"Diet low in fruits","100 g/day","Larynx cancer","Both","Both",NA,NA,NA,NA,NA,NA,NA,NA,NA,1.042,1.042,1.042,1.042,1.042,1.042,1.042,1.042,1.042,1.042,1.042,1.042
"Diet low in fruits","100 g/day","Tracheal, bronchus, and lung cancer","Both","Both",NA,NA,NA,NA,NA,NA,NA,NA,NA,1.076,1.076,1.076,1.076,1.076,1.076,1.076,1.076,1.076,1.076,1.076,1.076
"Diet low in fruits","100 g/day","Ischaemic heart disease","Both","Both",NA,NA,NA,NA,NA,NA,NA,NA,NA,1.254,1.209,1.159,1.131,1.125,1.114,1.099,1.087,1.078,1.07,1.064,1.057
"Diet low in fruits","100 g/day","Ischaemic stroke","Both","Both",NA,NA,NA,NA,NA,NA,NA,NA,NA,2.024,1.834,1.621,1.48,1.403,1.333,1.272,1.222,1.181,1.145,1.114,1.054
"Diet low in fruits","100 g/day","Hemorrhagic stroke","Both","Both",NA,NA,NA,NA,NA,NA,NA,NA,NA,1.688,1.576,1.444,1.365,1.336,1.3,1.26,1.226,1.193,1.164,1.133,1.065
"Diet low in fruits","100 g/day","Diabetes mellitus","Both","Both",NA,NA,NA,NA,NA,NA,NA,NA,NA,1.125,1.122,1.119,1.113,1.102,1.093,1.085,1.076,1.068,1.061,1.052,1.036
"Diet low in fruits","100 g/day","Ischaemic heart disease","Both","Both",NA,NA,NA,NA,NA,NA,NA,NA,NA,1.249,1.205,1.154,1.126,1.121,1.111,1.098,1.086,1.077,1.07,1.064,1.057
"Diet low in fruits","100 g/day","Ischaemic stroke","Both","Both",NA,NA,NA,NA,NA,NA,NA,NA,NA,1.249,1.211,1.165,1.132,1.113,1.095,1.079,1.065,1.054,1.044,1.035,1.017
"Diet low in fruits","100 g/day","Hemorrhagic stroke","Both","Both",NA,NA,NA,NA,NA,NA,NA,NA,NA,1.177,1.153,1.122,1.102,1.095,1.086,1.075,1.066,1.057,1.049,1.04,1.02
"Diet low in whole grains","50 g/day","Ischaemic heart disease","Both","Both",NA,NA,NA,NA,NA,NA,NA,NA,NA,1.478,1.387,1.285,1.228,1.216,1.194,1.165,1.141,1.125,1.112,1.102,1.097
"Diet low in whole grains","50 g/day","Ischaemic stroke","Both","Both",NA,NA,NA,NA,NA,NA,NA,NA,NA,2.075,1.863,1.624,1.466,1.38,1.304,1.241,1.189,1.15,1.117,1.09,1.041
"Diet low in whole grains","50 g/day","Hemorrhagic stroke","Both","Both",NA,NA,NA,NA,NA,NA,NA,NA,NA,1.596,1.484,1.349,1.276,1.258,1.232,1.201,1.176,1.15,1.128,1.106,1.05
"Diet low in whole grains","50 g/day","Diabetes mellitus","Both","Both",NA,NA,NA,NA,NA,NA,NA,NA,NA,1.231,1.226,1.22,1.208,1.189,1.172,1.156,1.139,1.125,1.111,1.095,1.064
"Diet low in nuts and seeds","4.05 g/day","Ischaemic heart disease","Morbidity","Both",NA,NA,NA,NA,NA,NA,NA,NA,NA,1.176,1.143,1.105,1.084,1.081,1.074,1.064,1.056,1.05,1.046,1.042,1.039
"Diet low in nuts and seeds","4.05 g/day","Ischaemic heart disease","Mortality","Both",NA,NA,NA,NA,NA,NA,NA,NA,NA,1.209,1.169,1.124,1.099,1.095,1.088,1.076,1.066,1.059,1.054,1.05,1.046
"Diet low in nuts and seeds","4.05 g/day","Diabetes mellitus","Both","Both",NA,NA,NA,NA,NA,NA,NA,NA,NA,1.05,1.049,1.048,1.045,1.041,1.038,1.035,1.031,1.028,1.025,1.022,1.015
"Diet low in milk","226.8 g/day","Colon and rectum cancer","Both","Both",NA,NA,NA,NA,NA,NA,NA,NA,NA,1.113,1.113,1.113,1.113,1.113,1.113,1.113,1.113,1.113,1.113,1.113,1.113
"Diet high in red meat","100 g/day","Colon and rectum cancer","Both","Both",NA,NA,NA,NA,NA,NA,NA,NA,NA,1.167,1.167,1.167,1.167,1.167,1.167,1.167,1.167,1.167,1.167,1.167,1.167
"Diet high in red meat","100 g/day","Diabetes mellitus","Both","Both",NA,NA,NA,NA,NA,NA,NA,NA,NA,1.322,1.314,1.305,1.288,1.26,1.236,1.213,1.19,1.169,1.15,1.128,1.086
"Diet high in processed meat","50 g/day","Colon and rectum cancer","Both","Both",NA,NA,NA,NA,NA,NA,NA,NA,NA,1.179,1.179,1.179,1.179,1.179,1.179,1.179,1.179,1.179,1.179,1.179,1.179
"Diet high in processed meat","50 g/day","Ischaemic heart disease","Both","Both",NA,NA,NA,NA,NA,NA,NA,NA,NA,2.568,2.124,1.72,1.545,1.547,1.52,1.467,1.422,1.386,1.354,1.325,1.252
"Diet high in processed meat","50 g/day","Diabetes mellitus","Both","Both",NA,NA,NA,NA,NA,NA,NA,NA,NA,1.94,1.913,1.881,1.824,1.731,1.653,1.583,1.512,1.45,1.393,1.332,1.216
"Diet high in sugar-sweetened beverages*","BMI  < 25","","Both","Both",NA,NA,NA,NA,NA,NA,NA,NA,NA,0.09,0.09,0.09,0.09,0.09,0.09,0.09,0.09,0.09,0.09,0.09,0.09
"Diet high in sugar-sweetened beverages*","BMI > 25","","Both","Both",NA,NA,NA,NA,NA,NA,NA,NA,NA,0.23,0.23,0.23,0.23,0.23,0.23,0.23,0.23,0.23,0.23,0.23,0.23
"Diet low in fibre","20 g/day","Colon and rectum cancer","Both","Both",NA,NA,NA,NA,NA,NA,NA,NA,NA,1.236,1.236,1.236,1.236,1.236,1.236,1.236,1.236,1.236,1.236,1.236,1.236
"Diet low in fibre","20 g/day","Ischaemic heart disease","Both","Both",NA,NA,NA,NA,NA,NA,NA,NA,NA,1.688,1.622,1.529,1.45,1.387,1.318,1.242,1.184,1.147,1.118,1.097,1.133
"Diet low in calcium","g/day","Colon and rectum cancer","Both","Both",NA,NA,NA,NA,NA,NA,NA,NA,NA,1.372,1.372,1.372,1.372,1.372,1.372,1.372,1.372,1.372,1.372,1.372,1.372
"Diet low in seafood omega-3 fatty acids","100 mg/day","Ischaemic heart disease","Morbidity","Both",NA,NA,NA,NA,NA,NA,NA,NA,NA,1,1,1,1,1,1,1,1,1,1,1,1
"Diet low in seafood omega-3 fatty acids","100 mg/day","Ischaemic heart disease","Mortality","Both",NA,NA,NA,NA,NA,NA,NA,NA,NA,1.291,1.249,1.199,1.173,1.165,1.154,1.14,1.126,1.113,1.101,1.088,1.062
"Diet low in polyunsaturated fatty acids","5% energy/day","Ischaemic heart disease","Both","Both",NA,NA,NA,NA,NA,NA,NA,NA,NA,1.267,1.211,1.148,1.114,1.111,1.101,1.086,1.075,1.068,1.063,1.06,1.063
"Diet high in trans fatty acids","2% energy/day","Ischaemic heart disease","Both","Both",NA,NA,NA,NA,NA,NA,NA,NA,NA,1.901,1.775,1.615,1.517,1.461,1.396,1.323,1.264,1.222,1.186,1.158,1.15
"Diet high in sodium**","Non-Black, Non-Hypertensive","","Both","Both",NA,NA,NA,NA,NA,NA,NA,NA,NA,-1.366,-1.882,-2.397,-2.913,-3.428,-3.944,-4.459,-4.975,-5.49,-5.49,-5.49,-5.49
"Diet high in sodium**","Non-Black, Hypertensive","","Both","Both",NA,NA,NA,NA,NA,NA,NA,NA,NA,-3.3,-3.816,-4.331,-4.847,-5.363,-5.878,-6.394,-6.909,-7.425,-7.425,-7.425,-7.425
"Diet high in sodium**","Black, Non-Hypertensive","","Both","Both",NA,NA,NA,NA,NA,NA,NA,NA,NA,-3.91,-4.426,-4.941,-5.457,-5.972,-6.488,-7.004,-7.519,-8.035,-8.035,-8.035,-8.035
"Diet high in sodium**","Black, Hypertensive","","Both","Both",NA,NA,NA,NA,NA,NA,NA,NA,NA,-5.844,-6.36,-6.876,-7.391,-7.907,-8.422,-8.938,-9.453,-9.969,-9.969,-9.969,-9.969
"Childhood sexual abuse","Exposed","Alcohol use disorders","Both","Male",NA,1.583,1.583,1.583,1.583,1.583,1.583,1.583,1.583,1.583,1.583,1.583,1.583,1.583,1.583,1.583,1.583,1.583,1.583,1.583,1.583
"Childhood sexual abuse","Not exposed","Alcohol use disorders","Both","Male",NA,1,1,1,1,1,1,1,1,1,1,1,1,1,1,1,1,1,1,1,1
"Childhood sexual abuse","Exposed","Alcohol use disorders","Both","Female",NA,1.583,1.583,1.583,1.583,1.583,1.583,1.583,1.583,1.583,1.583,1.583,1.583,1.583,1.583,1.583,1.583,1.583,1.583,1.583,1.583
"Childhood sexual abuse","Not exposed","Alcohol use disorders","Both","Female",NA,1,1,1,1,1,1,1,1,1,1,1,1,1,1,1,1,1,1,1,1
"Childhood sexual abuse","Exposed","Self-harm","Both","Male",NA,2.874,2.874,2.874,2.874,2.874,2.874,2.874,2.874,2.874,2.874,2.874,2.874,2.874,2.874,2.874,2.874,2.874,2.874,2.874,2.874
"Childhood sexual abuse","Not exposed","Self-harm","Both","Male",NA,1,1,1,1,1,1,1,1,1,1,1,1,1,1,1,1,1,1,1,1
"Childhood sexual abuse","Exposed","Self-harm","Both","Female",NA,2.874,2.874,2.874,2.874,2.874,2.874,2.874,2.874,2.874,2.874,2.874,2.874,2.874,2.874,2.874,2.874,2.874,2.874,2.874,2.874
"Childhood sexual abuse","Not exposed","Self-harm","Both","Female",NA,1,1,1,1,1,1,1,1,1,1,1,1,1,1,1,1,1,1,1,1
"Intimate partner violence (exposure approach)","Exposed","Maternal abortion, miscarriage, and ectopic pregnancy","Both","Both",NA,NA,NA,NA,NA,NA,NA,2.09,2.076,2.092,2.083,2.099,2.094,2.087,NA,NA,NA,NA,NA,NA,NA
"Intimate partner violence (exposure approach)","Not exposed","Maternal abortion, miscarriage, and ectopic pregnancy","Both","Both",NA,NA,NA,NA,NA,NA,NA,1,1,1,1,1,1,1,NA,NA,NA,NA,NA,NA,NA
"Intimate partner violence (exposure approach)","Exposed","Self-harm","Both","Both",NA,NA,NA,NA,NA,NA,NA,5.086,5.017,4.979,5.042,5.036,5.135,5.208,5.074,4.996,5.002,5.19,5.037,5.106,5.081
"Intimate partner violence (exposure approach)","Not exposed","Self-harm","Both","Both",NA,NA,NA,NA,NA,NA,NA,1,1,1,1,1,1,1,1,1,1,1,1,1,1
"Low physical activity","<600 METs","Colon and rectum cancer","Both","Both",NA,NA,NA,NA,NA,NA,NA,NA,NA,1.293,1.293,1.293,1.293,1.293,1.293,1.293,1.293,1.293,1.293,1.293,1.293
"Low physical activity","600-3,999 METs","Colon and rectum cancer","Both","Both",NA,NA,NA,NA,NA,NA,NA,NA,NA,1.172,1.172,1.172,1.172,1.172,1.172,1.172,1.172,1.172,1.172,1.172,1.172
"Low physical activity","4,000-7,999 METs","Colon and rectum cancer","Both","Both",NA,NA,NA,NA,NA,NA,NA,NA,NA,1.067,1.067,1.067,1.067,1.067,1.067,1.067,1.067,1.067,1.067,1.067,1.067
"Low physical activity","_8,000 METs","Colon and rectum cancer","Both","Both",NA,NA,NA,NA,NA,NA,NA,NA,NA,1,1,1,1,1,1,1,1,1,1,1,1
"Low physical activity","<600 METs","Breast cancer","Both","Both",NA,NA,NA,NA,NA,NA,NA,NA,NA,1.159,1.159,1.159,1.159,1.159,1.159,1.159,1.159,1.159,1.159,1.159,1.159
"Low physical activity","600-3,999 METs","Breast cancer","Both","Both",NA,NA,NA,NA,NA,NA,NA,NA,NA,1.12,1.12,1.12,1.12,1.12,1.12,1.12,1.12,1.12,1.12,1.12,1.12
"Low physical activity","4,000-7,999 METs","Breast cancer","Both","Both",NA,NA,NA,NA,NA,NA,NA,NA,NA,1.09,1.09,1.09,1.09,1.09,1.09,1.09,1.09,1.09,1.09,1.09,1.09
"Low physical activity","_8,000 METs","Breast cancer","Both","Both",NA,NA,NA,NA,NA,NA,NA,NA,NA,1,1,1,1,1,1,1,1,1,1,1,1
"Low physical activity","<600 METs","Ischaemic heart disease","Both","Both",NA,NA,NA,NA,NA,NA,NA,NA,NA,1.565,1.524,1.484,1.445,1.408,1.371,1.336,1.301,1.267,1.234,1.202,1.171
"Low physical activity","600-3,999 METs","Ischaemic heart disease","Both","Both",NA,NA,NA,NA,NA,NA,NA,NA,NA,1.181,1.17,1.158,1.147,1.136,1.125,1.114,1.103,1.092,1.081,1.071,1.06
"Low physical activity","4,000-7,999 METs","Ischaemic heart disease","Both","Both",NA,NA,NA,NA,NA,NA,NA,NA,NA,1.034,1.032,1.03,1.028,1.025,1.023,1.021,1.019,1.017,1.015,1.013,1.011
"Low physical activity","_8,000 METs","Ischaemic heart disease","Both","Both",NA,NA,NA,NA,NA,NA,NA,NA,NA,1,1,1,1,1,1,1,1,1,1,1,1
"Low physical activity","<600 METs","Ischaemic stroke","Both","Both",NA,NA,NA,NA,NA,NA,NA,NA,NA,1.666,1.617,1.569,1.522,1.477,1.433,1.39,1.349,1.309,1.27,1.233,1.196
"Low physical activity","600-3,999 METs","Ischaemic stroke","Both","Both",NA,NA,NA,NA,NA,NA,NA,NA,NA,1.255,1.238,1.221,1.205,1.189,1.173,1.157,1.142,1.127,1.112,1.097,1.082
"Low physical activity","4,000-7,999 METs","Ischaemic stroke","Both","Both",NA,NA,NA,NA,NA,NA,NA,NA,NA,1.177,1.166,1.154,1.142,1.131,1.12,1.109,1.098,1.088,1.077,1.067,1.057
"Low physical activity","_8,000 METs","Ischaemic stroke","Both","Both",NA,NA,NA,NA,NA,NA,NA,NA,NA,1,1,1,1,1,1,1,1,1,1,1,1
"Low physical activity","<600 METs","Diabetes mellitus","Both","Both",NA,NA,NA,NA,NA,NA,NA,NA,NA,1.387,1.387,1.387,1.387,1.387,1.387,1.387,1.387,1.387,1.387,1.387,1.387
"Low physical activity","600-3,999 METs","Diabetes mellitus","Both","Both",NA,NA,NA,NA,NA,NA,NA,NA,NA,1.189,1.189,1.189,1.189,1.189,1.189,1.189,1.189,1.189,1.189,1.189,1.189
"Low physical activity","4,000-7,999 METs","Diabetes mellitus","Both","Both",NA,NA,NA,NA,NA,NA,NA,NA,NA,1.037,1.037,1.037,1.037,1.037,1.037,1.037,1.037,1.037,1.037,1.037,1.037
"Low physical activity","_8,000 METs","Diabetes mellitus","Both","Both",NA,NA,NA,NA,NA,NA,NA,NA,NA,1,1,1,1,1,1,1,1,1,1,1,1
"High fasting plasma glucose (continuous)","mmol/L","Ischaemic heart disease","Both","Both",NA,NA,NA,NA,NA,NA,NA,NA,NA,1.471,1.373,1.274,1.22,1.211,1.201,1.192,1.182,1.173,1.168,1.168,1.169
"High fasting plasma glucose (continuous)","mmol/L","Ischaemic stroke","Both","Both",NA,NA,NA,NA,NA,NA,NA,NA,NA,1.526,1.4,1.275,1.21,1.204,1.199,1.194,1.188,1.183,1.174,1.162,1.133
"High fasting plasma glucose (continuous)","mmol/L","Hemorrhagic stroke","Both","Both",NA,NA,NA,NA,NA,NA,NA,NA,NA,1.506,1.382,1.258,1.196,1.193,1.191,1.189,1.187,1.184,1.175,1.158,1.116
"High fasting plasma glucose (continuous)","mmol/L","Chronic kidney disease due to hypertension","Both","Both",NA,NA,NA,NA,NA,NA,NA,NA,NA,1.388,1.388,1.388,1.388,1.388,1.388,1.388,1.388,1.388,1.388,1.388,1.388
"High fasting plasma glucose (continuous)","mmol/L","Chronic kidney disease due to glomerulonephritis","Both","Both",NA,NA,NA,NA,NA,NA,NA,NA,NA,1.388,1.388,1.388,1.388,1.388,1.388,1.388,1.388,1.388,1.388,1.388,1.388
"High fasting plasma glucose (continuous)","mmol/L","Chronic kidney disease due to other causes","Both","Both",NA,NA,NA,NA,NA,NA,NA,NA,NA,1.388,1.388,1.388,1.388,1.388,1.388,1.388,1.388,1.388,1.388,1.388,1.388
"High fasting plasma glucose (categorical)","Diabetic","Tuberculosis","Both","Both",NA,NA,NA,NA,NA,NA,NA,NA,NA,2.73,2.801,2.871,2.798,2.581,2.364,2.147,1.93,1.713,1.598,1.587,1.559
"High fasting plasma glucose (categorical)","Not diabetic","Tuberculosis","Both","Both",NA,NA,NA,NA,NA,NA,NA,NA,NA,1,1,1,1,1,1,1,1,1,1,1,1
"High fasting plasma glucose (categorical)","Diabetic","Peripheral vascular disease","Both","Both",NA,NA,NA,NA,NA,NA,NA,NA,NA,8.264,6.651,5.039,4.138,3.947,3.756,3.565,3.374,3.183,2.992,2.801,2.324
"High fasting plasma glucose (categorical)","Not diabetic","Peripheral vascular disease","Both","Both",NA,NA,NA,NA,NA,NA,NA,NA,NA,1,1,1,1,1,1,1,1,1,1,1,1
"High total cholesterol","mmol/L","Ischaemic heart disease","Both","Both",NA,NA,NA,NA,NA,NA,NA,NA,NA,2.016,2.027,2.038,1.971,1.828,1.685,1.541,1.398,1.254,1.193,1.213,1.262
"High total cholesterol","mmol/L","Ischaemic stroke","Both","Both",NA,NA,NA,NA,NA,NA,NA,NA,NA,1.67,1.626,1.583,1.518,1.434,1.35,1.265,1.181,1.096,1.062,1.077,1.116
"High systolic blood pressure","10 mmHg","Rheumatic heart disease","Both","Both",NA,NA,NA,NA,NA,NA,NA,NA,NA,1.631,1.474,1.317,1.229,1.211,1.193,1.175,1.157,1.139,1.127,1.12,1.104
"High systolic blood pressure","10 mmHg","Ischaemic heart disease","Both","Both",NA,NA,NA,NA,NA,NA,NA,NA,NA,1.972,1.818,1.665,1.568,1.527,1.487,1.446,1.405,1.364,1.33,1.303,1.266
"High systolic blood pressure","10 mmHg","Ischaemic stroke","Both","Both",NA,NA,NA,NA,NA,NA,NA,NA,NA,1.854,1.774,1.694,1.628,1.574,1.521,1.468,1.414,1.361,1.318,1.284,1.201
"High systolic blood pressure","10 mmHg","Hemorrhagic stroke","Both","Both",NA,NA,NA,NA,NA,NA,NA,NA,NA,2.134,2.05,1.966,1.874,1.775,1.676,1.577,1.478,1.379,1.323,1.311,1.279
"High systolic blood pressure","10 mmHg","Cardiomyopathy and myocarditis","Both","Both",NA,NA,NA,NA,NA,NA,NA,NA,NA,1.755,1.605,1.455,1.365,1.335,1.306,1.276,1.247,1.217,1.193,1.175,1.128
"High systolic blood pressure","10 mmHg","Atrial fibrillation and flutter","Both","Both",NA,NA,NA,NA,NA,NA,NA,NA,NA,1.76,1.631,1.503,1.423,1.392,1.361,1.33,1.299,1.268,1.237,1.208,1.134
"High systolic blood pressure","10 mmHg","Aortic aneurysm","Both","Both",NA,NA,NA,NA,NA,NA,NA,NA,NA,1.544,1.469,1.394,1.345,1.321,1.296,1.272,1.248,1.223,1.2,1.177,1.119
"High systolic blood pressure","10 mmHg","Peripheral vascular disease","Both","Both",NA,NA,NA,NA,NA,NA,NA,NA,NA,1.728,1.491,1.254,1.138,1.142,1.146,1.15,1.154,1.159,1.152,1.136,1.095
"High systolic blood pressure","10 mmHg","Endocarditis","Both","Both",NA,NA,NA,NA,NA,NA,NA,NA,NA,1.755,1.605,1.455,1.365,1.335,1.306,1.276,1.247,1.217,1.193,1.175,1.128
"High systolic blood pressure","10 mmHg","Other cardiovascular and circulatory diseases","Both","Both",NA,NA,NA,NA,NA,NA,NA,NA,NA,1.744,1.624,1.504,1.427,1.395,1.363,1.33,1.298,1.265,1.235,1.207,1.137
"High systolic blood pressure","10 mmHg","Chronic kidney disease due to diabetes mellitus","Both","Both",NA,NA,NA,NA,NA,NA,NA,NA,NA,1.283,1.283,1.283,1.283,1.283,1.283,1.283,1.283,1.283,1.283,1.283,1.283
"High systolic blood pressure","10 mmHg","Chronic kidney disease due to glomerulonephritis","Both","Both",NA,NA,NA,NA,NA,NA,NA,NA,NA,1.281,1.281,1.281,1.281,1.281,1.281,1.281,1.281,1.281,1.281,1.281,1.281
"High systolic blood pressure","10 mmHg","Chronic kidney disease due to other causes","Both","Both",NA,NA,NA,NA,NA,NA,NA,NA,NA,1.282,1.282,1.282,1.282,1.282,1.282,1.282,1.282,1.282,1.282,1.282,1.282
"High body-mass index","5 kg/m_","Oesophageal cancer","Both","Male",NA,NA,NA,NA,NA,NA,NA,NA,NA,1.391,1.391,1.391,1.391,1.391,1.391,1.391,1.391,1.391,1.391,1.391,1.391
"High body-mass index","5 kg/m_","Oesophageal cancer","Both","Female",NA,NA,NA,NA,NA,NA,NA,NA,NA,1.351,1.351,1.351,1.351,1.351,1.351,1.351,1.351,1.351,1.351,1.351,1.351
"High body-mass index","5 kg/m_","Colon and rectum cancer","Both","Male",NA,NA,NA,NA,NA,NA,NA,NA,NA,1.177,1.177,1.177,1.177,1.177,1.177,1.177,1.177,1.177,1.177,1.177,1.177
"High body-mass index","5 kg/m_","Colon and rectum cancer","Both","Female",NA,NA,NA,NA,NA,NA,NA,NA,NA,1.059,1.059,1.059,1.059,1.059,1.059,1.059,1.059,1.059,1.059,1.059,1.059
"High body-mass index","5 kg/m_","Gallbladder and biliary tract cancer","Both","Male",NA,NA,NA,NA,NA,NA,NA,NA,NA,1.155,1.155,1.155,1.155,1.155,1.155,1.155,1.155,1.155,1.155,1.155,1.155
"High body-mass index","5 kg/m_","Gallbladder and biliary tract cancer","Both","Female",NA,NA,NA,NA,NA,NA,NA,NA,NA,1.344,1.344,1.344,1.344,1.344,1.344,1.344,1.344,1.344,1.344,1.344,1.344
"High body-mass index","5 kg/m_","Pancreatic cancer","Both","Male",NA,NA,NA,NA,NA,NA,NA,NA,NA,1.071,1.071,1.071,1.071,1.071,1.071,1.071,1.071,1.071,1.071,1.071,1.071
"High body-mass index","5 kg/m_","Pancreatic cancer","Both","Female",NA,NA,NA,NA,NA,NA,NA,NA,NA,1.092,1.092,1.092,1.092,1.092,1.092,1.092,1.092,1.092,1.092,1.092,1.092
"High body-mass index","5 kg/m_","Breast cancer, post-menopausal","Both","Both",NA,NA,NA,NA,NA,NA,NA,NA,NA,1.149,1.149,1.149,1.149,1.149,1.348,1.348,1.348,1.348,1.348,1.348,1.348
"High body-mass index","5 kg/m_","Uterine cancer","Both","Both",NA,NA,NA,NA,NA,NA,NA,NA,NA,1.613,1.613,1.613,1.613,1.613,1.613,1.613,1.613,1.613,1.613,1.613,1.613
"High body-mass index","5 kg/m_","Ovarian cancer","Both","Both",NA,NA,NA,NA,NA,NA,NA,NA,NA,1.038,1.038,1.038,1.038,1.038,1.038,1.038,1.038,1.038,1.038,1.038,1.038
"High body-mass index","5 kg/m_","Kidney cancer","Both","Male",NA,NA,NA,NA,NA,NA,NA,NA,NA,1.24,1.24,1.24,1.24,1.24,1.24,1.24,1.24,1.24,1.24,1.24,1.24
"High body-mass index","5 kg/m_","Kidney cancer","Both","Female",NA,NA,NA,NA,NA,NA,NA,NA,NA,1.32,1.32,1.32,1.32,1.32,1.32,1.32,1.32,1.32,1.32,1.32,1.32
"High body-mass index","5 kg/m_","Thyroid cancer","Both","Male",NA,NA,NA,NA,NA,NA,NA,NA,NA,1.221,1.221,1.221,1.221,1.221,1.221,1.221,1.221,1.221,1.221,1.221,1.221
"High body-mass index","5 kg/m_","Thyroid cancer","Both","Female",NA,NA,NA,NA,NA,NA,NA,NA,NA,1.136,1.136,1.136,1.136,1.136,1.136,1.136,1.136,1.136,1.136,1.136,1.136
"High body-mass index","5 kg/m_","Leukaemia","Both","Male",NA,NA,NA,NA,NA,NA,NA,NA,NA,1.086,1.086,1.086,1.086,1.086,1.086,1.086,1.086,1.086,1.086,1.086,1.086
"High body-mass index","5 kg/m_","Leukaemia","Both","Female",NA,NA,NA,NA,NA,NA,NA,NA,NA,1.131,1.131,1.131,1.131,1.131,1.131,1.131,1.131,1.131,1.131,1.131,1.131
"High body-mass index","5 kg/m_","Ischaemic heart disease","Both","Both",NA,NA,NA,NA,NA,NA,NA,NA,NA,2.274,2.018,1.724,1.599,1.567,1.52,1.466,1.414,1.364,1.319,1.274,1.17
"High body-mass index","5 kg/m_","Ischaemic stroke","Both","Both",NA,NA,NA,NA,NA,NA,NA,NA,NA,2.472,2.235,1.979,1.826,1.733,1.635,1.543,1.455,1.38,1.304,1.228,1.068
"High body-mass index","5 kg/m_","Hemorrhagic stroke","Both","Both",NA,NA,NA,NA,NA,NA,NA,NA,NA,3.066,2.913,2.597,2.389,2.199,1.996,1.805,1.665,1.523,1.41,1.295,1.07
"High body-mass index","5 kg/m_","Hypertensive heart disease","Both","Both",NA,NA,NA,NA,NA,NA,NA,NA,NA,3.122,3,2.769,2.573,2.407,2.281,2.159,2.035,1.955,1.86,1.792,1.697
"High body-mass index","5 kg/m_","Diabetes mellitus","Both","Both",NA,NA,NA,NA,NA,NA,NA,NA,NA,3.547,3.455,3.349,3.16,2.864,2.624,2.417,2.215,2.046,1.896,1.74,1.461
"High body-mass index","5 kg/m_","Chronic kidney disease due to diabetes mellitus","Both","Both",NA,NA,NA,NA,NA,NA,NA,NA,NA,NA,NA,1.746,1.746,1.746,1.746,1.746,2.036,2.036,1.621,1.621,1.431
"High body-mass index","5 kg/m_","Chronic kidney disease due to hypertension","Both","Both",NA,NA,NA,NA,NA,NA,NA,NA,NA,NA,NA,1.763,1.763,1.763,1.763,1.763,2.044,2.044,1.605,1.605,1.437
"High body-mass index","5 kg/m_","Chronic kidney disease due to glomerulonephritis","Both","Both",NA,NA,NA,NA,NA,NA,NA,NA,NA,NA,NA,1.742,1.742,1.742,1.742,1.742,2.044,2.044,1.604,1.604,1.452
"High body-mass index","5 kg/m_","Chronic kidney disease due to other causes","Both","Both",NA,NA,NA,NA,NA,NA,NA,NA,NA,NA,NA,1.732,1.732,1.732,1.732,1.732,2.032,2.032,1.625,1.625,1.433
"High body-mass index","5 kg/m_","Low back pain","Morbidity","Both",NA,NA,NA,NA,NA,NA,NA,NA,NA,1.1,1.1,1.101,1.1,1.099,1.1,1.1,1.101,1.1,1.1,1.1,1.1
"Low bone mineral density","0.1 g/cm_","Hip","Both","Male",NA,NA,NA,NA,NA,NA,NA,NA,NA,NA,NA,NA,2.945,2.85,2.614,2.439,2.286,2.184,2.102,1.921,1.732
"Low bone mineral density","0.1 g/cm_","Hip","Both","Female",NA,NA,NA,NA,NA,NA,NA,NA,NA,NA,NA,NA,3.255,2.94,2.713,2.643,2.474,2.412,2.32,2.118,1.876
"Low bone mineral density","0.1 g/cm_","Non-hip","Both","Male",NA,NA,NA,NA,NA,NA,NA,NA,NA,NA,NA,NA,1.077,1.114,1.151,1.182,1.214,1.247,1.297,1.339,1.37
"Low bone mineral density","0.1 g/cm_","Non-hip","Both","Female",NA,NA,NA,NA,NA,NA,NA,NA,NA,NA,NA,NA,1.083,1.118,1.163,1.203,1.239,1.287,1.343,1.401,1.437
"Low glomerular filtration rate","Stage 5 CKD","Ischaemic heart disease","Both","Both",NA,NA,NA,NA,NA,NA,NA,NA,NA,13.688,11.878,10.33,9.003,7.863,6.883,6.038,5.308,4.677,4.13,3.655,3.103
"Low glomerular filtration rate","Stage 4 CKD","Ischaemic heart disease","Both","Both",NA,NA,NA,NA,NA,NA,NA,NA,NA,10.439,9.175,8.077,7.121,6.288,5.562,4.927,4.372,3.885,3.459,3.084,2.642
"Low glomerular filtration rate","Stage 3 CKD","Ischaemic heart disease","Both","Both",NA,NA,NA,NA,NA,NA,NA,NA,NA,1.322,1.314,1.306,1.299,1.292,1.286,1.281,1.276,1.271,1.267,1.263,1.259
"Low glomerular filtration rate","None","Ischaemic heart disease","Both","Both",NA,NA,NA,NA,NA,NA,NA,NA,NA,1,1,1,1,1,1,1,1,1,1,1,1
"Low glomerular filtration rate","Stage 5 CKD","Peripheral vascular disease","Both","Both",NA,NA,NA,NA,NA,NA,NA,NA,NA,18.258,14.983,12.337,10.192,8.448,7.027,5.864,4.91,4.125,3.478,2.942,2.352
"Low glomerular filtration rate","Stage 4 CKD","Peripheral vascular disease","Both","Both",NA,NA,NA,NA,NA,NA,NA,NA,NA,15.408,12.683,10.487,8.71,7.267,6.091,5.129,4.339,3.688,3.15,2.703,2.209
"Low glomerular filtration rate","Stage 3 CKD","Peripheral vascular disease","Both","Both",NA,NA,NA,NA,NA,NA,NA,NA,NA,3.856,3.533,3.24,2.974,2.733,2.515,2.316,2.135,1.97,1.82,1.683,1.515
"Low glomerular filtration rate","None","Peripheral vascular disease","Both","Both",NA,NA,NA,NA,NA,NA,NA,NA,NA,1,1,1,1,1,1,1,1,1,1,1,1
"Low glomerular filtration rate","Stage 5 CKD","Gout","Both","Both",NA,NA,NA,NA,NA,NA,NA,NA,NA,2.741,2.751,2.747,2.743,2.751,2.738,2.745,2.745,2.74,2.743,2.745,2.741
"Low glomerular filtration rate","Stage 4 CKD","Gout","Both","Both",NA,NA,NA,NA,NA,NA,NA,NA,NA,2.745,2.743,2.74,2.736,2.742,2.737,2.732,2.747,2.747,2.747,2.738,2.736
"Low glomerular filtration rate","Stage 3 CKD","Gout","Both","Both",NA,NA,NA,NA,NA,NA,NA,NA,NA,2.751,2.745,2.745,2.736,2.747,2.741,2.74,2.749,2.749,2.744,2.739,2.737
"Low glomerular filtration rate","None","Gout","Both","Both",NA,NA,NA,NA,NA,NA,NA,NA,NA,1,1,1,1,1,1,1,1,1,1,1,1
